timestamp,status,datetime,date
1.52012E+12,2,3/3/18 22:42,03-Mar-18
1.52012E+12,3,3/3/18 22:43,03-Mar-18
1.52012E+12,2,3/3/18 22:43,03-Mar-18
1.52012E+12,3,3/4/18 0:12,04-Mar-18
1.52012E+12,2,3/4/18 0:13,04-Mar-18
1.52012E+12,3,3/4/18 0:21,04-Mar-18
1.52012E+12,2,3/4/18 0:21,04-Mar-18
1.52012E+12,3,3/4/18 0:28,04-Mar-18
1.52012E+12,2,3/4/18 0:28,04-Mar-18
1.52012E+12,3,3/4/18 0:31,04-Mar-18
1.52012E+12,2,3/4/18 0:31,04-Mar-18
1.52012E+12,3,3/4/18 0:34,04-Mar-18
1.52012E+12,2,3/4/18 0:35,04-Mar-18
1.52012E+12,3,3/4/18 0:36,04-Mar-18
1.52012E+12,2,3/4/18 0:37,04-Mar-18
1.52012E+12,3,3/4/18 0:40,04-Mar-18
1.52012E+12,3,3/4/18 0:41,04-Mar-18
1.52012E+12,2,3/4/18 0:42,04-Mar-18
1.52012E+12,3,3/4/18 0:43,04-Mar-18
1.52012E+12,2,3/4/18 0:43,04-Mar-18
1.52012E+12,3,3/4/18 0:54,04-Mar-18
1.52012E+12,2,3/4/18 0:55,04-Mar-18
1.52013E+12,3,3/4/18 0:58,04-Mar-18
1.52013E+12,2,3/4/18 0:58,04-Mar-18
1.52013E+12,3,3/4/18 1:03,04-Mar-18
1.52013E+12,2,3/4/18 1:03,04-Mar-18
1.52013E+12,3,3/4/18 1:08,04-Mar-18
1.52013E+12,2,3/4/18 1:08,04-Mar-18
1.52013E+12,3,3/4/18 1:21,04-Mar-18
1.52013E+12,2,3/4/18 1:21,04-Mar-18
1.52013E+12,3,3/4/18 1:29,04-Mar-18
1.52013E+12,2,3/4/18 1:30,04-Mar-18
1.52013E+12,3,3/4/18 1:36,04-Mar-18
1.52013E+12,2,3/4/18 1:37,04-Mar-18
1.52013E+12,3,3/4/18 1:38,04-Mar-18
1.52013E+12,2,3/4/18 1:39,04-Mar-18
1.52013E+12,3,3/4/18 1:47,04-Mar-18
1.52013E+12,2,3/4/18 1:47,04-Mar-18
1.52013E+12,3,3/4/18 1:53,04-Mar-18
1.52013E+12,2,3/4/18 1:58,04-Mar-18
1.52013E+12,3,3/4/18 2:00,04-Mar-18
1.52013E+12,3,3/4/18 2:00,04-Mar-18
1.52013E+12,2,3/4/18 3:21,04-Mar-18
1.52013E+12,3,3/4/18 3:25,04-Mar-18
1.52013E+12,2,3/4/18 3:26,04-Mar-18
1.52014E+12,3,3/4/18 4:45,04-Mar-18
1.52014E+12,2,3/4/18 4:53,04-Mar-18
1.52014E+12,3,3/4/18 4:54,04-Mar-18
1.52014E+12,2,3/4/18 4:57,04-Mar-18
1.52014E+12,3,3/4/18 5:37,04-Mar-18
1.52014E+12,2,3/4/18 5:39,04-Mar-18
1.52014E+12,3,3/4/18 5:45,04-Mar-18
1.52014E+12,2,3/4/18 5:46,04-Mar-18
1.52015E+12,3,3/4/18 6:43,04-Mar-18
1.52015E+12,2,3/4/18 6:45,04-Mar-18
1.52015E+12,3,3/4/18 6:51,04-Mar-18
1.52015E+12,2,3/4/18 6:57,04-Mar-18
1.52015E+12,3,3/4/18 7:01,04-Mar-18
1.52015E+12,2,3/4/18 7:36,04-Mar-18
1.52015E+12,2,3/4/18 7:36,04-Mar-18
1.52015E+12,2,3/4/18 7:36,04-Mar-18
1.52015E+12,2,3/4/18 7:36,04-Mar-18
1.52015E+12,2,3/4/18 7:36,04-Mar-18
1.52015E+12,2,3/4/18 7:36,04-Mar-18
1.52018E+12,3,3/4/18 15:43,04-Mar-18
1.52018E+12,2,3/4/18 16:36,04-Mar-18
1.52018E+12,3,3/4/18 16:37,04-Mar-18
1.52018E+12,2,3/4/18 16:43,04-Mar-18
1.52019E+12,3,3/4/18 17:37,04-Mar-18
1.52019E+12,2,3/4/18 17:41,04-Mar-18
1.52019E+12,3,3/4/18 18:17,04-Mar-18
1.52019E+12,2,3/4/18 18:17,04-Mar-18
1.52019E+12,3,3/4/18 19:19,04-Mar-18
1.52019E+12,2,3/4/18 19:22,04-Mar-18
1.52019E+12,3,3/4/18 19:26,04-Mar-18
1.52019E+12,2,3/4/18 19:26,04-Mar-18
1.5202E+12,3,3/4/18 21:08,04-Mar-18
1.5202E+12,2,3/4/18 21:08,04-Mar-18
1.5202E+12,3,3/4/18 21:14,04-Mar-18
1.5202E+12,2,3/4/18 21:28,04-Mar-18
1.5202E+12,3,3/4/18 21:44,04-Mar-18
1.5202E+12,2,3/4/18 21:44,04-Mar-18
1.5202E+12,3,3/4/18 21:52,04-Mar-18
1.5202E+12,3,3/4/18 21:54,04-Mar-18
1.5202E+12,2,3/4/18 21:54,04-Mar-18
1.5202E+12,3,3/4/18 21:59,04-Mar-18
1.5202E+12,2,3/4/18 22:03,04-Mar-18
1.5202E+12,2,3/4/18 22:03,04-Mar-18
1.5202E+12,2,3/4/18 22:03,04-Mar-18
1.5202E+12,2,3/4/18 22:03,04-Mar-18
1.5202E+12,3,3/4/18 23:03,04-Mar-18
1.5202E+12,2,3/4/18 23:04,04-Mar-18
1.5202E+12,2,3/4/18 23:04,04-Mar-18
1.5202E+12,2,3/4/18 23:04,04-Mar-18
1.5202E+12,2,3/4/18 23:04,04-Mar-18
1.5202E+12,2,3/4/18 23:04,04-Mar-18
1.5202E+12,2,3/4/18 23:04,04-Mar-18
1.5202E+12,2,3/4/18 23:04,04-Mar-18
1.5202E+12,2,3/4/18 23:04,04-Mar-18
1.5202E+12,2,3/4/18 23:04,04-Mar-18
1.5202E+12,2,3/4/18 23:04,04-Mar-18
1.5202E+12,2,3/4/18 23:04,04-Mar-18
1.52021E+12,3,3/5/18 1:22,05-Mar-18
1.52021E+12,2,3/5/18 1:33,05-Mar-18
1.52022E+12,3,3/5/18 2:27,05-Mar-18
1.52022E+12,2,3/5/18 2:29,05-Mar-18
1.52022E+12,3,3/5/18 2:29,05-Mar-18
1.52022E+12,2,3/5/18 2:31,05-Mar-18
1.52022E+12,3,3/5/18 3:43,05-Mar-18
1.52022E+12,2,3/5/18 3:48,05-Mar-18
1.52022E+12,3,3/5/18 3:49,05-Mar-18
1.52022E+12,2,3/5/18 3:51,05-Mar-18
1.52022E+12,3,3/5/18 4:01,05-Mar-18
1.52022E+12,2,3/5/18 4:01,05-Mar-18
1.52022E+12,2,3/5/18 4:02,05-Mar-18
1.52022E+12,3,3/5/18 4:08,05-Mar-18
1.52022E+12,2,3/5/18 4:08,05-Mar-18
1.52022E+12,3,3/5/18 4:28,05-Mar-18
1.52022E+12,2,3/5/18 4:30,05-Mar-18
1.52023E+12,3,3/5/18 4:59,05-Mar-18
1.52023E+12,2,3/5/18 5:01,05-Mar-18
1.52023E+12,3,3/5/18 5:51,05-Mar-18
1.52023E+12,2,3/5/18 5:52,05-Mar-18
1.52023E+12,3,3/5/18 6:14,05-Mar-18
1.52023E+12,3,3/5/18 6:15,05-Mar-18
1.52023E+12,2,3/5/18 6:20,05-Mar-18
1.52023E+12,3,3/5/18 6:21,05-Mar-18
1.52023E+12,2,3/5/18 6:22,05-Mar-18
1.52023E+12,3,3/5/18 6:56,05-Mar-18
1.52023E+12,2,3/5/18 6:59,05-Mar-18
1.52023E+12,3,3/5/18 7:08,05-Mar-18
1.52023E+12,2,3/5/18 7:09,05-Mar-18
1.52023E+12,2,3/5/18 7:09,05-Mar-18
1.52023E+12,2,3/5/18 7:09,05-Mar-18
1.52023E+12,2,3/5/18 7:09,05-Mar-18
1.52023E+12,2,3/5/18 7:09,05-Mar-18
1.52023E+12,2,3/5/18 7:09,05-Mar-18
1.52023E+12,2,3/5/18 7:09,05-Mar-18
1.52023E+12,2,3/5/18 7:09,05-Mar-18
1.52023E+12,2,3/5/18 7:09,05-Mar-18
1.52023E+12,2,3/5/18 7:09,05-Mar-18
1.52023E+12,2,3/5/18 7:09,05-Mar-18
1.52023E+12,2,3/5/18 7:09,05-Mar-18
1.52023E+12,2,3/5/18 7:09,05-Mar-18
1.52023E+12,2,3/5/18 7:09,05-Mar-18
1.52023E+12,2,3/5/18 7:09,05-Mar-18
1.52023E+12,2,3/5/18 7:09,05-Mar-18
1.52023E+12,2,3/5/18 7:09,05-Mar-18
1.52023E+12,2,3/5/18 7:09,05-Mar-18
1.52023E+12,2,3/5/18 7:09,05-Mar-18
1.52023E+12,2,3/5/18 7:09,05-Mar-18
1.52023E+12,2,3/5/18 7:09,05-Mar-18
1.52023E+12,2,3/5/18 7:09,05-Mar-18
1.52023E+12,2,3/5/18 7:09,05-Mar-18
1.52023E+12,2,3/5/18 7:09,05-Mar-18
1.52023E+12,2,3/5/18 7:09,05-Mar-18
1.52023E+12,2,3/5/18 7:09,05-Mar-18
1.52025E+12,3,3/5/18 12:39,05-Mar-18
1.52025E+12,2,3/5/18 12:40,05-Mar-18
1.52025E+12,3,3/5/18 12:56,05-Mar-18
1.52025E+12,2,3/5/18 12:57,05-Mar-18
1.52025E+12,3,3/5/18 13:02,05-Mar-18
1.52026E+12,2,3/5/18 13:13,05-Mar-18
1.52026E+12,3,3/5/18 13:16,05-Mar-18
1.52026E+12,2,3/5/18 13:23,05-Mar-18
1.52026E+12,2,3/5/18 13:23,05-Mar-18
1.52026E+12,2,3/5/18 13:23,05-Mar-18
1.52026E+12,2,3/5/18 13:23,05-Mar-18
1.52026E+12,3,3/5/18 15:40,05-Mar-18
1.52026E+12,2,3/5/18 15:41,05-Mar-18
1.52027E+12,3,3/5/18 15:53,05-Mar-18
1.52027E+12,2,3/5/18 15:55,05-Mar-18
1.52027E+12,3,3/5/18 17:03,05-Mar-18
1.52027E+12,2,3/5/18 17:05,05-Mar-18
1.52027E+12,3,3/5/18 17:21,05-Mar-18
1.52027E+12,2,3/5/18 17:22,05-Mar-18
1.52027E+12,3,3/5/18 17:59,05-Mar-18
1.52027E+12,2,3/5/18 18:04,05-Mar-18
1.52027E+12,3,3/5/18 18:27,05-Mar-18
1.52027E+12,2,3/5/18 18:28,05-Mar-18
1.52028E+12,3,3/5/18 18:43,05-Mar-18
1.52028E+12,3,3/5/18 18:43,05-Mar-18
1.52028E+12,2,3/5/18 18:56,05-Mar-18
1.52028E+12,2,3/5/18 18:56,05-Mar-18
1.52028E+12,2,3/5/18 18:56,05-Mar-18
1.52028E+12,2,3/5/18 18:56,05-Mar-18
1.52028E+12,2,3/5/18 18:56,05-Mar-18
1.52028E+12,3,3/5/18 20:02,05-Mar-18
1.52028E+12,2,3/5/18 20:10,05-Mar-18
1.52028E+12,3,3/5/18 20:48,05-Mar-18
1.52028E+12,2,3/5/18 20:48,05-Mar-18
1.52028E+12,3,3/5/18 20:49,05-Mar-18
1.52028E+12,2,3/5/18 21:04,05-Mar-18
1.52028E+12,3,3/5/18 21:06,05-Mar-18
1.52028E+12,2,3/5/18 21:14,05-Mar-18
1.52028E+12,3,3/5/18 21:18,05-Mar-18
1.52028E+12,2,3/5/18 21:19,05-Mar-18
1.52028E+12,3,3/5/18 21:20,05-Mar-18
1.52028E+12,2,3/5/18 21:21,05-Mar-18
1.52029E+12,3,3/5/18 21:28,05-Mar-18
1.52029E+12,2,3/5/18 21:29,05-Mar-18
1.52029E+12,3,3/5/18 22:02,05-Mar-18
1.52029E+12,2,3/5/18 22:09,05-Mar-18
1.52029E+12,3,3/5/18 22:17,05-Mar-18
1.52029E+12,2,3/5/18 22:32,05-Mar-18
1.52029E+12,3,3/5/18 22:33,05-Mar-18
1.52029E+12,2,3/5/18 22:33,05-Mar-18
1.52029E+12,3,3/5/18 22:46,05-Mar-18
1.52029E+12,2,3/5/18 22:47,05-Mar-18
1.52029E+12,3,3/5/18 22:53,05-Mar-18
1.52029E+12,2,3/5/18 22:53,05-Mar-18
1.52029E+12,3,3/5/18 22:55,05-Mar-18
1.52029E+12,2,3/5/18 22:55,05-Mar-18
1.52029E+12,3,3/5/18 22:58,05-Mar-18
1.52029E+12,2,3/5/18 22:58,05-Mar-18
1.52029E+12,3,3/5/18 23:01,05-Mar-18
1.52029E+12,2,3/5/18 23:01,05-Mar-18
1.52029E+12,3,3/5/18 23:03,05-Mar-18
1.52029E+12,2,3/5/18 23:06,05-Mar-18
1.52029E+12,3,3/5/18 23:06,05-Mar-18
1.52029E+12,2,3/5/18 23:09,05-Mar-18
1.52029E+12,3,3/5/18 23:10,05-Mar-18
1.52029E+12,2,3/5/18 23:10,05-Mar-18
1.52029E+12,3,3/5/18 23:14,05-Mar-18
1.52029E+12,2,3/5/18 23:26,05-Mar-18
1.52029E+12,3,3/5/18 23:27,05-Mar-18
1.52029E+12,2,3/5/18 23:29,05-Mar-18
1.52029E+12,3,3/5/18 23:38,05-Mar-18
1.52029E+12,2,3/5/18 23:41,05-Mar-18
1.52029E+12,3,3/6/18 0:03,06-Mar-18
1.52029E+12,2,3/6/18 0:03,06-Mar-18
1.5203E+12,3,3/6/18 1:35,06-Mar-18
1.5203E+12,2,3/6/18 1:36,06-Mar-18
1.5203E+12,3,3/6/18 1:39,06-Mar-18
1.5203E+12,2,3/6/18 1:40,06-Mar-18
1.5203E+12,3,3/6/18 2:11,06-Mar-18
1.5203E+12,2,3/6/18 2:12,06-Mar-18
1.52031E+12,3,3/6/18 5:02,06-Mar-18
1.52031E+12,2,3/6/18 5:03,06-Mar-18
1.52031E+12,3,3/6/18 5:04,06-Mar-18
1.52031E+12,2,3/6/18 5:11,06-Mar-18
1.52031E+12,3,3/6/18 5:13,06-Mar-18
1.52031E+12,2,3/6/18 5:14,06-Mar-18
1.52032E+12,3,3/6/18 7:20,06-Mar-18
1.52032E+12,3,3/6/18 7:20,06-Mar-18
1.52032E+12,3,3/6/18 7:39,06-Mar-18
1.52032E+12,2,3/6/18 7:39,06-Mar-18
1.52032E+12,2,3/6/18 7:39,06-Mar-18
1.52032E+12,2,3/6/18 7:39,06-Mar-18
1.52032E+12,2,3/6/18 7:39,06-Mar-18
1.52032E+12,2,3/6/18 7:39,06-Mar-18
1.52032E+12,2,3/6/18 7:39,06-Mar-18
1.52035E+12,3,3/6/18 15:28,06-Mar-18
1.52035E+12,2,3/6/18 15:29,06-Mar-18
1.52035E+12,3,3/6/18 15:54,06-Mar-18
1.52035E+12,2,3/6/18 15:55,06-Mar-18
1.52036E+12,2,3/6/18 18:18,06-Mar-18
1.52036E+12,3,3/6/18 19:16,06-Mar-18
1.52036E+12,2,3/6/18 19:17,06-Mar-18
1.52036E+12,3,3/6/18 19:17,06-Mar-18
1.52036E+12,2,3/6/18 19:18,06-Mar-18
1.52036E+12,3,3/6/18 19:18,06-Mar-18
1.52036E+12,2,3/6/18 19:19,06-Mar-18
1.52037E+12,3,3/6/18 21:46,06-Mar-18
1.52037E+12,2,3/6/18 21:47,06-Mar-18
1.52037E+12,3,3/6/18 21:47,06-Mar-18
1.52037E+12,2,3/6/18 21:49,06-Mar-18
1.52038E+12,3,3/7/18 0:27,07-Mar-18
1.52038E+12,2,3/7/18 0:30,07-Mar-18
1.52038E+12,3,3/7/18 0:43,07-Mar-18
1.52038E+12,2,3/7/18 0:44,07-Mar-18
1.52039E+12,3,3/7/18 3:21,07-Mar-18
1.52039E+12,2,3/7/18 3:23,07-Mar-18
1.52039E+12,3,3/7/18 3:47,07-Mar-18
1.52039E+12,2,3/7/18 3:47,07-Mar-18
1.52039E+12,3,3/7/18 3:48,07-Mar-18
1.52039E+12,2,3/7/18 3:49,07-Mar-18
1.52039E+12,3,3/7/18 3:50,07-Mar-18
1.52039E+12,2,3/7/18 3:51,07-Mar-18
1.5204E+12,3,3/7/18 4:16,07-Mar-18
1.5204E+12,2,3/7/18 4:17,07-Mar-18
1.5204E+12,3,3/7/18 4:18,07-Mar-18
1.5204E+12,2,3/7/18 4:18,07-Mar-18
1.5204E+12,3,3/7/18 6:03,07-Mar-18
1.5204E+12,3,3/7/18 6:03,07-Mar-18
1.5204E+12,3,3/7/18 6:03,07-Mar-18
1.5204E+12,3,3/7/18 6:03,07-Mar-18
1.5204E+12,3,3/7/18 6:03,07-Mar-18
1.52041E+12,2,3/7/18 7:01,07-Mar-18
1.52041E+12,2,3/7/18 7:01,07-Mar-18
1.52041E+12,2,3/7/18 7:01,07-Mar-18
1.52041E+12,2,3/7/18 7:01,07-Mar-18
1.52041E+12,2,3/7/18 7:01,07-Mar-18
1.52041E+12,2,3/7/18 7:01,07-Mar-18
1.52041E+12,2,3/7/18 7:01,07-Mar-18
1.52041E+12,2,3/7/18 7:01,07-Mar-18
1.52041E+12,2,3/7/18 7:01,07-Mar-18
1.52041E+12,2,3/7/18 7:01,07-Mar-18
1.52041E+12,2,3/7/18 7:01,07-Mar-18
1.52041E+12,2,3/7/18 7:01,07-Mar-18
1.52041E+12,2,3/7/18 7:01,07-Mar-18
1.52041E+12,2,3/7/18 7:01,07-Mar-18
1.52041E+12,2,3/7/18 7:01,07-Mar-18
1.52041E+12,2,3/7/18 7:01,07-Mar-18
1.52041E+12,2,3/7/18 7:01,07-Mar-18
1.52041E+12,2,3/7/18 7:01,07-Mar-18
1.52041E+12,2,3/7/18 7:01,07-Mar-18
1.52041E+12,2,3/7/18 7:01,07-Mar-18
1.52041E+12,2,3/7/18 7:01,07-Mar-18
1.52041E+12,2,3/7/18 7:01,07-Mar-18
1.52041E+12,2,3/7/18 7:01,07-Mar-18
1.52041E+12,2,3/7/18 7:01,07-Mar-18
1.52041E+12,2,3/7/18 7:01,07-Mar-18
1.52043E+12,3,3/7/18 12:45,07-Mar-18
1.52043E+12,2,3/7/18 12:46,07-Mar-18
1.52043E+12,3,3/7/18 12:46,07-Mar-18
1.52043E+12,2,3/7/18 12:46,07-Mar-18
1.52043E+12,3,3/7/18 13:14,07-Mar-18
1.52043E+12,2,3/7/18 13:17,07-Mar-18
1.52043E+12,3,3/7/18 13:18,07-Mar-18
1.52043E+12,2,3/7/18 13:26,07-Mar-18
1.52044E+12,3,3/7/18 15:23,07-Mar-18
1.52044E+12,2,3/7/18 15:24,07-Mar-18
1.52044E+12,3,3/7/18 15:25,07-Mar-18
1.52044E+12,2,3/7/18 15:25,07-Mar-18
1.52044E+12,3,3/7/18 15:32,07-Mar-18
1.52044E+12,2,3/7/18 15:33,07-Mar-18
1.52044E+12,3,3/7/18 15:47,07-Mar-18
1.52044E+12,2,3/7/18 15:52,07-Mar-18
1.52044E+12,3,3/7/18 16:02,07-Mar-18
1.52044E+12,2,3/7/18 16:04,07-Mar-18
1.52044E+12,3,3/7/18 16:05,07-Mar-18
1.52044E+12,2,3/7/18 16:12,07-Mar-18
1.52044E+12,3,3/7/18 16:16,07-Mar-18
1.52044E+12,2,3/7/18 16:20,07-Mar-18
1.52044E+12,3,3/7/18 16:24,07-Mar-18
1.52044E+12,2,3/7/18 16:27,07-Mar-18
1.52044E+12,3,3/7/18 16:34,07-Mar-18
1.52044E+12,2,3/7/18 16:41,07-Mar-18
1.52044E+12,3,3/7/18 16:42,07-Mar-18
1.52044E+12,2,3/7/18 16:44,07-Mar-18
1.52044E+12,3,3/7/18 16:56,07-Mar-18
1.52044E+12,2,3/7/18 16:57,07-Mar-18
1.52044E+12,3,3/7/18 17:06,07-Mar-18
1.52044E+12,2,3/7/18 17:10,07-Mar-18
1.52044E+12,3,3/7/18 17:12,07-Mar-18
1.52044E+12,2,3/7/18 17:14,07-Mar-18
1.52044E+12,3,3/7/18 17:47,07-Mar-18
1.52044E+12,2,3/7/18 17:48,07-Mar-18
1.52045E+12,3,3/7/18 17:52,07-Mar-18
1.52045E+12,2,3/7/18 17:54,07-Mar-18
1.52045E+12,3,3/7/18 18:02,07-Mar-18
1.52045E+12,2,3/7/18 18:04,07-Mar-18
1.52045E+12,3,3/7/18 18:34,07-Mar-18
1.52045E+12,2,3/7/18 18:36,07-Mar-18
1.52045E+12,3,3/7/18 18:51,07-Mar-18
1.52045E+12,2,3/7/18 18:52,07-Mar-18
1.52045E+12,3,3/7/18 18:59,07-Mar-18
1.52045E+12,2,3/7/18 19:03,07-Mar-18
1.52045E+12,3,3/7/18 19:04,07-Mar-18
1.52045E+12,2,3/7/18 19:08,07-Mar-18
1.52045E+12,3,3/7/18 19:30,07-Mar-18
1.52045E+12,2,3/7/18 19:32,07-Mar-18
1.52047E+12,3,3/8/18 0:35,08-Mar-18
1.52047E+12,2,3/8/18 0:36,08-Mar-18
1.52047E+12,3,3/8/18 0:37,08-Mar-18
1.52047E+12,2,3/8/18 0:38,08-Mar-18
1.52047E+12,3,3/8/18 0:41,08-Mar-18
1.52047E+12,2,3/8/18 0:41,08-Mar-18
1.52047E+12,3,3/8/18 0:42,08-Mar-18
1.52047E+12,2,3/8/18 0:45,08-Mar-18
1.52047E+12,3,3/8/18 1:40,08-Mar-18
1.52047E+12,2,3/8/18 1:41,08-Mar-18
1.52047E+12,3,3/8/18 1:41,08-Mar-18
1.52047E+12,2,3/8/18 1:43,08-Mar-18
1.52047E+12,2,3/8/18 1:43,08-Mar-18
1.52048E+12,3,3/8/18 2:41,08-Mar-18
1.52048E+12,3,3/8/18 2:41,08-Mar-18
1.52048E+12,3,3/8/18 2:41,08-Mar-18
1.52048E+12,2,3/8/18 4:23,08-Mar-18
1.52048E+12,3,3/8/18 4:24,08-Mar-18
1.52048E+12,2,3/8/18 4:32,08-Mar-18
1.52048E+12,3,3/8/18 4:33,08-Mar-18
1.52048E+12,2,3/8/18 4:37,08-Mar-18
1.52048E+12,3,3/8/18 4:52,08-Mar-18
1.52048E+12,2,3/8/18 4:54,08-Mar-18
1.52049E+12,3,3/8/18 5:00,08-Mar-18
1.52049E+12,2,3/8/18 5:14,08-Mar-18
1.52049E+12,3,3/8/18 5:15,08-Mar-18
1.52049E+12,2,3/8/18 5:16,08-Mar-18
1.52049E+12,3,3/8/18 6:50,08-Mar-18
1.52049E+12,3,3/8/18 6:50,08-Mar-18
1.52049E+12,2,3/8/18 6:54,08-Mar-18
1.52049E+12,3,3/8/18 6:56,08-Mar-18
1.52049E+12,3,3/8/18 6:56,08-Mar-18
1.52049E+12,2,3/8/18 7:07,08-Mar-18
1.52049E+12,3,3/8/18 7:07,08-Mar-18
1.52049E+12,2,3/8/18 7:08,08-Mar-18
1.52049E+12,3,3/8/18 7:08,08-Mar-18
1.52049E+12,2,3/8/18 7:10,08-Mar-18
1.52049E+12,2,3/8/18 7:10,08-Mar-18
1.52049E+12,2,3/8/18 7:10,08-Mar-18
1.52049E+12,3,3/8/18 7:40,08-Mar-18
1.52049E+12,2,3/8/18 7:41,08-Mar-18
1.52049E+12,2,3/8/18 7:41,08-Mar-18
1.52049E+12,2,3/8/18 7:41,08-Mar-18
1.52049E+12,2,3/8/18 7:41,08-Mar-18
1.52049E+12,2,3/8/18 7:41,08-Mar-18
1.52049E+12,2,3/8/18 7:41,08-Mar-18
1.52049E+12,2,3/8/18 7:41,08-Mar-18
1.52049E+12,2,3/8/18 7:41,08-Mar-18
1.52049E+12,2,3/8/18 7:41,08-Mar-18
1.52049E+12,2,3/8/18 7:41,08-Mar-18
1.52049E+12,2,3/8/18 7:41,08-Mar-18
1.52049E+12,2,3/8/18 7:41,08-Mar-18
1.52049E+12,2,3/8/18 7:41,08-Mar-18
1.52049E+12,2,3/8/18 7:41,08-Mar-18
1.52049E+12,2,3/8/18 7:41,08-Mar-18
1.52049E+12,2,3/8/18 7:41,08-Mar-18
1.52049E+12,2,3/8/18 7:41,08-Mar-18
1.52049E+12,2,3/8/18 7:41,08-Mar-18
1.52049E+12,2,3/8/18 7:41,08-Mar-18
1.52051E+12,3,3/8/18 12:00,08-Mar-18
1.52051E+12,2,3/8/18 12:00,08-Mar-18
1.52051E+12,2,3/8/18 12:00,08-Mar-18
1.52051E+12,2,3/8/18 12:00,08-Mar-18
1.52051E+12,3,3/8/18 12:10,08-Mar-18
1.52051E+12,2,3/8/18 12:13,08-Mar-18
1.52051E+12,3,3/8/18 12:19,08-Mar-18
1.52051E+12,2,3/8/18 12:24,08-Mar-18
1.52051E+12,3,3/8/18 13:04,08-Mar-18
1.52051E+12,2,3/8/18 13:04,08-Mar-18
1.52051E+12,3,3/8/18 13:04,08-Mar-18
1.52051E+12,2,3/8/18 13:05,08-Mar-18
1.52051E+12,3,3/8/18 13:07,08-Mar-18
1.52052E+12,2,3/8/18 13:17,08-Mar-18
1.52052E+12,3,3/8/18 13:19,08-Mar-18
1.52052E+12,2,3/8/18 13:19,08-Mar-18
1.52052E+12,3,3/8/18 13:33,08-Mar-18
1.52052E+12,2,3/8/18 13:34,08-Mar-18
1.52052E+12,3,3/8/18 14:00,08-Mar-18
1.52052E+12,2,3/8/18 14:04,08-Mar-18
1.52052E+12,3,3/8/18 14:08,08-Mar-18
1.52052E+12,2,3/8/18 14:08,08-Mar-18
1.52052E+12,3,3/8/18 14:08,08-Mar-18
1.52052E+12,2,3/8/18 14:09,08-Mar-18
1.52052E+12,3,3/8/18 14:10,08-Mar-18
1.52052E+12,2,3/8/18 14:12,08-Mar-18
1.52052E+12,3,3/8/18 14:38,08-Mar-18
1.52052E+12,2,3/8/18 14:42,08-Mar-18
1.52052E+12,3,3/8/18 14:42,08-Mar-18
1.52052E+12,3,3/8/18 14:50,08-Mar-18
1.52052E+12,3,3/8/18 14:50,08-Mar-18
1.52052E+12,2,3/8/18 14:58,08-Mar-18
1.52052E+12,3,3/8/18 15:06,08-Mar-18
1.52052E+12,2,3/8/18 15:07,08-Mar-18
1.52052E+12,3,3/8/18 15:07,08-Mar-18
1.52052E+12,2,3/8/18 15:07,08-Mar-18
1.52052E+12,3,3/8/18 15:16,08-Mar-18
1.52052E+12,2,3/8/18 15:18,08-Mar-18
1.52052E+12,3,3/8/18 15:21,08-Mar-18
1.52052E+12,2,3/8/18 15:22,08-Mar-18
1.52052E+12,3,3/8/18 15:27,08-Mar-18
1.52052E+12,2,3/8/18 15:28,08-Mar-18
1.52052E+12,3,3/8/18 15:31,08-Mar-18
1.52052E+12,2,3/8/18 15:31,08-Mar-18
1.52052E+12,3,3/8/18 15:37,08-Mar-18
1.52052E+12,2,3/8/18 15:39,08-Mar-18
1.52052E+12,3,3/8/18 15:40,08-Mar-18
1.52052E+12,2,3/8/18 15:50,08-Mar-18
1.52053E+12,3,3/8/18 18:35,08-Mar-18
1.52053E+12,2,3/8/18 18:37,08-Mar-18
1.52053E+12,3,3/8/18 18:38,08-Mar-18
1.52053E+12,2,3/8/18 18:42,08-Mar-18
1.52053E+12,3,3/8/18 18:43,08-Mar-18
1.52053E+12,2,3/8/18 18:44,08-Mar-18
1.52054E+12,3,3/8/18 18:52,08-Mar-18
1.52054E+12,2,3/8/18 18:54,08-Mar-18
1.52054E+12,3,3/8/18 19:06,08-Mar-18
1.52054E+12,2,3/8/18 19:12,08-Mar-18
1.52054E+12,3,3/8/18 19:12,08-Mar-18
1.52054E+12,2,3/8/18 19:15,08-Mar-18
1.52054E+12,3,3/8/18 19:23,08-Mar-18
1.52054E+12,2,3/8/18 19:31,08-Mar-18
1.52054E+12,3,3/8/18 19:48,08-Mar-18
1.52054E+12,2,3/8/18 19:48,08-Mar-18
1.52054E+12,3,3/8/18 19:50,08-Mar-18
1.52054E+12,2,3/8/18 19:51,08-Mar-18
1.52054E+12,3,3/8/18 19:58,08-Mar-18
1.52054E+12,2,3/8/18 20:03,08-Mar-18
1.52054E+12,3,3/8/18 20:05,08-Mar-18
1.52054E+12,2,3/8/18 20:15,08-Mar-18
1.52054E+12,3,3/8/18 20:20,08-Mar-18
1.52054E+12,2,3/8/18 20:23,08-Mar-18
1.52054E+12,3,3/8/18 20:34,08-Mar-18
1.52054E+12,2,3/8/18 20:35,08-Mar-18
1.52054E+12,3,3/8/18 21:01,08-Mar-18
1.52054E+12,2,3/8/18 21:01,08-Mar-18
1.52054E+12,3,3/8/18 21:19,08-Mar-18
1.52054E+12,2,3/8/18 21:23,08-Mar-18
1.52054E+12,3,3/8/18 21:25,08-Mar-18
1.52054E+12,2,3/8/18 21:26,08-Mar-18
1.52054E+12,3,3/8/18 21:28,08-Mar-18
1.52054E+12,2,3/8/18 21:30,08-Mar-18
1.52054E+12,3,3/8/18 21:31,08-Mar-18
1.52054E+12,2,3/8/18 21:32,08-Mar-18
1.52055E+12,3,3/8/18 21:50,08-Mar-18
1.52055E+12,2,3/8/18 21:52,08-Mar-18
1.52055E+12,3,3/8/18 21:53,08-Mar-18
1.52055E+12,2,3/8/18 21:54,08-Mar-18
1.52055E+12,3,3/8/18 21:55,08-Mar-18
1.52055E+12,2,3/8/18 21:56,08-Mar-18
1.52055E+12,3,3/8/18 21:58,08-Mar-18
1.52055E+12,2,3/8/18 22:00,08-Mar-18
1.52055E+12,3,3/8/18 22:12,08-Mar-18
1.52055E+12,2,3/8/18 22:12,08-Mar-18
1.52055E+12,3,3/8/18 22:14,08-Mar-18
1.52055E+12,2,3/8/18 22:15,08-Mar-18
1.52055E+12,3,3/8/18 22:48,08-Mar-18
1.52055E+12,2,3/8/18 22:50,08-Mar-18
1.52055E+12,3,3/8/18 23:19,08-Mar-18
1.52055E+12,2,3/8/18 23:20,08-Mar-18
1.52055E+12,3,3/8/18 23:21,08-Mar-18
1.52055E+12,2,3/8/18 23:22,08-Mar-18
1.52055E+12,3,3/8/18 23:25,08-Mar-18
1.52055E+12,2,3/8/18 23:27,08-Mar-18
1.52055E+12,3,3/8/18 23:27,08-Mar-18
1.52055E+12,2,3/8/18 23:30,08-Mar-18
1.52055E+12,3,3/8/18 23:32,08-Mar-18
1.52055E+12,2,3/8/18 23:36,08-Mar-18
1.52056E+12,3,3/9/18 0:49,09-Mar-18
1.52056E+12,2,3/9/18 0:52,09-Mar-18
1.52056E+12,3,3/9/18 0:52,09-Mar-18
1.52056E+12,2,3/9/18 0:57,09-Mar-18
1.52056E+12,3,3/9/18 1:04,09-Mar-18
1.52056E+12,2,3/9/18 1:26,09-Mar-18
1.52056E+12,3,3/9/18 1:51,09-Mar-18
1.52056E+12,2,3/9/18 1:53,09-Mar-18
1.52057E+12,3,3/9/18 3:25,09-Mar-18
1.52057E+12,2,3/9/18 3:51,09-Mar-18
1.52057E+12,3,3/9/18 3:52,09-Mar-18
1.52057E+12,2,3/9/18 3:53,09-Mar-18
1.52057E+12,3,3/9/18 4:05,09-Mar-18
1.52057E+12,2,3/9/18 4:07,09-Mar-18
1.52057E+12,3,3/9/18 4:28,09-Mar-18
1.52057E+12,2,3/9/18 4:30,09-Mar-18
1.52057E+12,3,3/9/18 4:54,09-Mar-18
1.52057E+12,2,3/9/18 4:55,09-Mar-18
1.52057E+12,3,3/9/18 4:57,09-Mar-18
1.52057E+12,2,3/9/18 4:59,09-Mar-18
1.5206E+12,3,3/9/18 13:59,09-Mar-18
1.52061E+12,2,3/9/18 14:27,09-Mar-18
1.52061E+12,3,3/9/18 15:03,09-Mar-18
1.52061E+12,2,3/9/18 15:03,09-Mar-18
1.52061E+12,3,3/9/18 15:12,09-Mar-18
1.52061E+12,2,3/9/18 15:13,09-Mar-18
1.52061E+12,3,3/9/18 15:33,09-Mar-18
1.52061E+12,2,3/9/18 15:33,09-Mar-18
1.52061E+12,3,3/9/18 15:33,09-Mar-18
1.52061E+12,2,3/9/18 15:34,09-Mar-18
1.52061E+12,3,3/9/18 15:35,09-Mar-18
1.52061E+12,2,3/9/18 15:35,09-Mar-18
1.52061E+12,3,3/9/18 15:38,09-Mar-18
1.52061E+12,2,3/9/18 15:39,09-Mar-18
1.52061E+12,3,3/9/18 15:40,09-Mar-18
1.52061E+12,2,3/9/18 15:41,09-Mar-18
1.52061E+12,3,3/9/18 15:41,09-Mar-18
1.52061E+12,2,3/9/18 15:41,09-Mar-18
1.52061E+12,3,3/9/18 15:54,09-Mar-18
1.52061E+12,2,3/9/18 15:56,09-Mar-18
1.52061E+12,3,3/9/18 16:09,09-Mar-18
1.52061E+12,2,3/9/18 16:11,09-Mar-18
1.52061E+12,3,3/9/18 16:18,09-Mar-18
1.52061E+12,2,3/9/18 16:19,09-Mar-18
1.52061E+12,3,3/9/18 16:19,09-Mar-18
1.52061E+12,2,3/9/18 16:23,09-Mar-18
1.52061E+12,3,3/9/18 16:47,09-Mar-18
1.52061E+12,2,3/9/18 16:47,09-Mar-18
1.52061E+12,3,3/9/18 16:49,09-Mar-18
1.52061E+12,2,3/9/18 16:49,09-Mar-18
1.52061E+12,3,3/9/18 16:59,09-Mar-18
1.52061E+12,2,3/9/18 17:00,09-Mar-18
1.52061E+12,3,3/9/18 17:01,09-Mar-18
1.52061E+12,2,3/9/18 17:02,09-Mar-18
1.52062E+12,3,3/9/18 17:03,09-Mar-18
1.52062E+12,2,3/9/18 17:04,09-Mar-18
1.52062E+12,3,3/9/18 17:06,09-Mar-18
1.52062E+12,2,3/9/18 17:12,09-Mar-18
1.52062E+12,3,3/9/18 17:12,09-Mar-18
1.52062E+12,2,3/9/18 17:13,09-Mar-18
1.52062E+12,3,3/9/18 17:28,09-Mar-18
1.52062E+12,2,3/9/18 17:31,09-Mar-18
1.52062E+12,3,3/9/18 17:49,09-Mar-18
1.52062E+12,2,3/9/18 17:50,09-Mar-18
1.52062E+12,3,3/9/18 18:04,09-Mar-18
1.52062E+12,2,3/9/18 18:04,09-Mar-18
1.52062E+12,3,3/9/18 18:05,09-Mar-18
1.52062E+12,2,3/9/18 18:06,09-Mar-18
1.52062E+12,3,3/9/18 18:09,09-Mar-18
1.52062E+12,2,3/9/18 18:10,09-Mar-18
1.52062E+12,3,3/9/18 18:13,09-Mar-18
1.52062E+12,2,3/9/18 18:17,09-Mar-18
1.52062E+12,3,3/9/18 18:17,09-Mar-18
1.52062E+12,2,3/9/18 18:18,09-Mar-18
1.52062E+12,3,3/9/18 18:20,09-Mar-18
1.52062E+12,2,3/9/18 18:29,09-Mar-18
1.52062E+12,3,3/9/18 18:35,09-Mar-18
1.52062E+12,2,3/9/18 18:37,09-Mar-18
1.52062E+12,3,3/9/18 18:38,09-Mar-18
1.52062E+12,2,3/9/18 18:38,09-Mar-18
1.52062E+12,3,3/9/18 19:28,09-Mar-18
1.52062E+12,2,3/9/18 19:29,09-Mar-18
1.52063E+12,3,3/9/18 20:13,09-Mar-18
1.52063E+12,2,3/9/18 20:15,09-Mar-18
1.52063E+12,3,3/9/18 20:15,09-Mar-18
1.52063E+12,2,3/9/18 20:19,09-Mar-18
1.52063E+12,3,3/9/18 20:20,09-Mar-18
1.52063E+12,2,3/9/18 20:20,09-Mar-18
1.52063E+12,3,3/9/18 20:21,09-Mar-18
1.52063E+12,2,3/9/18 20:21,09-Mar-18
1.52063E+12,3,3/9/18 21:11,09-Mar-18
1.52063E+12,2,3/9/18 21:11,09-Mar-18
1.52063E+12,3,3/9/18 21:31,09-Mar-18
1.52063E+12,2,3/9/18 21:32,09-Mar-18
1.52064E+12,3,3/9/18 22:36,09-Mar-18
1.52064E+12,2,3/9/18 22:37,09-Mar-18
1.52064E+12,3,3/9/18 22:37,09-Mar-18
1.52064E+12,2,3/9/18 22:45,09-Mar-18
1.52064E+12,3,3/9/18 22:55,09-Mar-18
1.52064E+12,2,3/9/18 23:01,09-Mar-18
1.52064E+12,3,3/9/18 23:25,09-Mar-18
1.52064E+12,2,3/9/18 23:27,09-Mar-18
1.52064E+12,3,3/9/18 23:32,09-Mar-18
1.52064E+12,2,3/9/18 23:43,09-Mar-18
1.52064E+12,3,3/9/18 23:46,09-Mar-18
1.52064E+12,2,3/9/18 23:47,09-Mar-18
1.52064E+12,3,3/9/18 23:48,09-Mar-18
1.52064E+12,2,3/9/18 23:51,09-Mar-18
1.52064E+12,3,3/9/18 23:51,09-Mar-18
1.52064E+12,2,3/9/18 23:52,09-Mar-18
1.52064E+12,3,3/10/18 0:04,10-Mar-18
1.52064E+12,2,3/10/18 0:05,10-Mar-18
1.52064E+12,3,3/10/18 0:57,10-Mar-18
1.52064E+12,2,3/10/18 0:58,10-Mar-18
1.52064E+12,3,3/10/18 1:10,10-Mar-18
1.52064E+12,2,3/10/18 1:15,10-Mar-18
1.52064E+12,3,3/10/18 1:15,10-Mar-18
1.52065E+12,2,3/10/18 1:33,10-Mar-18
1.52065E+12,3,3/10/18 1:38,10-Mar-18
1.52065E+12,2,3/10/18 2:04,10-Mar-18
1.52065E+12,3,3/10/18 2:13,10-Mar-18
1.52065E+12,2,3/10/18 2:19,10-Mar-18
1.52065E+12,3,3/10/18 2:21,10-Mar-18
1.52065E+12,2,3/10/18 2:25,10-Mar-18
1.52065E+12,3,3/10/18 2:28,10-Mar-18
1.52065E+12,2,3/10/18 2:35,10-Mar-18
1.52065E+12,3,3/10/18 2:41,10-Mar-18
1.52065E+12,2,3/10/18 2:44,10-Mar-18
1.52065E+12,3,3/10/18 2:56,10-Mar-18
1.52065E+12,2,3/10/18 2:56,10-Mar-18
1.52065E+12,3,3/10/18 2:57,10-Mar-18
1.52065E+12,2,3/10/18 2:59,10-Mar-18
1.52065E+12,3,3/10/18 3:14,10-Mar-18
1.52065E+12,2,3/10/18 3:31,10-Mar-18
1.52066E+12,3,3/10/18 5:35,10-Mar-18
1.52066E+12,2,3/10/18 5:37,10-Mar-18
1.52066E+12,3,3/10/18 6:24,10-Mar-18
1.52066E+12,2,3/10/18 6:25,10-Mar-18
1.52069E+12,3,3/10/18 14:55,10-Mar-18
1.52069E+12,2,3/10/18 14:59,10-Mar-18
1.52069E+12,3,3/10/18 15:05,10-Mar-18
1.5207E+12,2,3/10/18 15:23,10-Mar-18
1.5207E+12,3,3/10/18 16:19,10-Mar-18
1.5207E+12,2,3/10/18 16:21,10-Mar-18
1.5207E+12,3,3/10/18 16:44,10-Mar-18
1.5207E+12,2,3/10/18 16:47,10-Mar-18
1.5207E+12,3,3/10/18 16:48,10-Mar-18
1.5207E+12,2,3/10/18 16:48,10-Mar-18
1.5207E+12,3,3/10/18 16:50,10-Mar-18
1.5207E+12,2,3/10/18 16:50,10-Mar-18
1.5207E+12,3,3/10/18 16:51,10-Mar-18
1.5207E+12,2,3/10/18 16:52,10-Mar-18
1.5207E+12,3,3/10/18 16:55,10-Mar-18
1.5207E+12,2,3/10/18 16:58,10-Mar-18
1.5207E+12,3,3/10/18 17:00,10-Mar-18
1.5207E+12,2,3/10/18 17:01,10-Mar-18
1.5207E+12,3,3/10/18 17:03,10-Mar-18
1.5207E+12,2,3/10/18 17:04,10-Mar-18
1.5207E+12,3,3/10/18 17:44,10-Mar-18
1.5207E+12,2,3/10/18 17:45,10-Mar-18
1.5207E+12,3,3/10/18 17:50,10-Mar-18
1.5207E+12,2,3/10/18 17:54,10-Mar-18
1.5207E+12,3,3/10/18 18:03,10-Mar-18
1.52071E+12,2,3/10/18 18:11,10-Mar-18
1.52071E+12,3,3/10/18 18:14,10-Mar-18
1.52071E+12,2,3/10/18 18:16,10-Mar-18
1.52071E+12,2,3/10/18 18:39,10-Mar-18
1.52071E+12,2,3/10/18 18:39,10-Mar-18
1.52071E+12,3,3/10/18 18:42,10-Mar-18
1.52071E+12,2,3/10/18 18:43,10-Mar-18
1.52071E+12,3,3/10/18 19:44,10-Mar-18
1.52071E+12,2,3/10/18 19:46,10-Mar-18
1.52071E+12,3,3/10/18 20:48,10-Mar-18
1.52071E+12,2,3/10/18 20:48,10-Mar-18
1.52072E+12,3,3/10/18 22:22,10-Mar-18
1.52072E+12,2,3/10/18 22:24,10-Mar-18
1.52072E+12,3,3/10/18 23:18,10-Mar-18
1.52072E+12,2,3/10/18 23:18,10-Mar-18
1.52072E+12,3,3/10/18 23:19,10-Mar-18
1.52072E+12,2,3/10/18 23:22,10-Mar-18
1.52072E+12,3,3/10/18 23:25,10-Mar-18
1.52072E+12,2,3/10/18 23:30,10-Mar-18
1.52073E+12,3,3/10/18 23:39,10-Mar-18
1.52073E+12,2,3/10/18 23:43,10-Mar-18
1.52073E+12,3,3/10/18 23:45,10-Mar-18
1.52073E+12,2,3/10/18 23:48,10-Mar-18
1.52073E+12,3,3/11/18 0:07,11-Mar-18
1.52073E+12,2,3/11/18 0:12,11-Mar-18
1.52073E+12,3,3/11/18 0:12,11-Mar-18
1.52073E+12,2,3/11/18 0:23,11-Mar-18
1.52073E+12,3,3/11/18 0:31,11-Mar-18
1.52073E+12,2,3/11/18 0:35,11-Mar-18
1.52073E+12,3,3/11/18 0:35,11-Mar-18
1.52073E+12,2,3/11/18 0:47,11-Mar-18
1.52073E+12,3,3/11/18 0:57,11-Mar-18
1.52073E+12,2,3/11/18 0:58,11-Mar-18
1.52073E+12,3,3/11/18 0:59,11-Mar-18
1.52073E+12,2,3/11/18 1:00,11-Mar-18
1.52074E+12,3,3/11/18 4:23,11-Mar-18
1.52074E+12,2,3/11/18 4:28,11-Mar-18
1.52074E+12,3,3/11/18 4:51,11-Mar-18
1.52074E+12,2,3/11/18 4:59,11-Mar-18
1.52075E+12,3,3/11/18 5:17,11-Mar-18
1.52075E+12,2,3/11/18 5:25,11-Mar-18
1.52075E+12,3,3/11/18 5:26,11-Mar-18
1.52075E+12,2,3/11/18 5:28,11-Mar-18
1.52075E+12,3,3/11/18 6:17,11-Mar-18
1.52075E+12,2,3/11/18 6:18,11-Mar-18
1.52075E+12,3,3/11/18 6:28,11-Mar-18
1.52075E+12,2,3/11/18 7:05,11-Mar-18
1.52078E+12,3,3/11/18 15:18,11-Mar-18
1.52078E+12,2,3/11/18 15:18,11-Mar-18
1.52078E+12,3,3/11/18 15:19,11-Mar-18
1.52078E+12,2,3/11/18 15:20,11-Mar-18
1.52078E+12,3,3/11/18 15:21,11-Mar-18
1.52078E+12,2,3/11/18 15:26,11-Mar-18
1.52078E+12,3,3/11/18 15:55,11-Mar-18
1.52078E+12,2,3/11/18 15:58,11-Mar-18
1.52078E+12,3,3/11/18 16:16,11-Mar-18
1.52079E+12,2,3/11/18 16:40,11-Mar-18
1.52079E+12,3,3/11/18 16:49,11-Mar-18
1.52079E+12,2,3/11/18 16:53,11-Mar-18
1.52079E+12,3,3/11/18 16:53,11-Mar-18
1.52079E+12,2,3/11/18 16:53,11-Mar-18
1.52079E+12,3,3/11/18 16:55,11-Mar-18
1.52079E+12,2,3/11/18 16:55,11-Mar-18
1.52079E+12,3,3/11/18 17:00,11-Mar-18
1.52079E+12,2,3/11/18 17:01,11-Mar-18
1.52079E+12,3,3/11/18 17:05,11-Mar-18
1.52079E+12,2,3/11/18 17:07,11-Mar-18
1.52079E+12,3,3/11/18 17:08,11-Mar-18
1.52079E+12,2,3/11/18 17:08,11-Mar-18
1.52079E+12,3,3/11/18 17:14,11-Mar-18
1.52079E+12,2,3/11/18 17:15,11-Mar-18
1.52079E+12,3,3/11/18 17:15,11-Mar-18
1.52079E+12,2,3/11/18 17:15,11-Mar-18
1.52079E+12,3,3/11/18 17:22,11-Mar-18
1.52079E+12,2,3/11/18 17:22,11-Mar-18
1.52079E+12,3,3/11/18 17:56,11-Mar-18
1.52079E+12,2,3/11/18 17:56,11-Mar-18
1.52079E+12,3,3/11/18 17:57,11-Mar-18
1.52079E+12,2,3/11/18 17:58,11-Mar-18
1.52079E+12,2,3/11/18 17:58,11-Mar-18
1.52079E+12,2,3/11/18 17:58,11-Mar-18
1.52079E+12,3,3/11/18 18:05,11-Mar-18
1.52079E+12,2,3/11/18 18:06,11-Mar-18
1.52079E+12,3,3/11/18 18:06,11-Mar-18
1.52079E+12,2,3/11/18 18:07,11-Mar-18
1.52079E+12,3,3/11/18 18:19,11-Mar-18
1.52079E+12,2,3/11/18 18:19,11-Mar-18
1.52079E+12,3,3/11/18 18:24,11-Mar-18
1.52079E+12,2,3/11/18 18:34,11-Mar-18
1.52079E+12,3,3/11/18 18:57,11-Mar-18
1.52079E+12,2,3/11/18 18:59,11-Mar-18
1.52079E+12,3,3/11/18 18:59,11-Mar-18
1.52079E+12,2,3/11/18 19:02,11-Mar-18
1.5208E+12,3,3/11/18 19:16,11-Mar-18
1.5208E+12,2,3/11/18 19:23,11-Mar-18
1.5208E+12,3,3/11/18 20:37,11-Mar-18
1.5208E+12,2,3/11/18 20:39,11-Mar-18
1.5208E+12,3,3/11/18 21:26,11-Mar-18
1.5208E+12,2,3/11/18 21:27,11-Mar-18
1.5208E+12,3,3/11/18 21:28,11-Mar-18
1.5208E+12,2,3/11/18 21:29,11-Mar-18
1.5208E+12,3,3/11/18 21:29,11-Mar-18
1.5208E+12,2,3/11/18 21:29,11-Mar-18
1.5208E+12,3,3/11/18 21:31,11-Mar-18
1.5208E+12,2,3/11/18 21:33,11-Mar-18
1.5208E+12,3,3/11/18 21:44,11-Mar-18
1.5208E+12,2,3/11/18 21:46,11-Mar-18
1.52081E+12,3,3/11/18 22:27,11-Mar-18
1.52081E+12,2,3/11/18 22:27,11-Mar-18
1.52081E+12,3,3/11/18 22:27,11-Mar-18
1.52081E+12,2,3/11/18 22:29,11-Mar-18
1.52081E+12,3,3/11/18 22:31,11-Mar-18
1.52081E+12,2,3/11/18 22:32,11-Mar-18
1.52081E+12,3,3/11/18 22:32,11-Mar-18
1.52081E+12,2,3/11/18 22:32,11-Mar-18
1.52081E+12,3,3/11/18 22:33,11-Mar-18
1.52081E+12,2,3/11/18 22:33,11-Mar-18
1.52081E+12,2,3/11/18 23:47,11-Mar-18
1.52081E+12,3,3/12/18 0:10,12-Mar-18
1.52081E+12,2,3/12/18 0:12,12-Mar-18
1.52081E+12,2,3/12/18 0:12,12-Mar-18
1.52081E+12,3,3/12/18 0:16,12-Mar-18
1.52081E+12,2,3/12/18 0:17,12-Mar-18
1.52081E+12,3,3/12/18 0:18,12-Mar-18
1.52081E+12,2,3/12/18 0:18,12-Mar-18
1.52081E+12,3,3/12/18 0:24,12-Mar-18
1.52081E+12,2,3/12/18 0:24,12-Mar-18
1.52082E+12,3,3/12/18 0:41,12-Mar-18
1.52082E+12,2,3/12/18 0:42,12-Mar-18
1.52082E+12,3,3/12/18 0:48,12-Mar-18
1.52082E+12,2,3/12/18 0:50,12-Mar-18
1.52082E+12,3,3/12/18 1:05,12-Mar-18
1.52082E+12,2,3/12/18 1:08,12-Mar-18
1.52082E+12,3,3/12/18 1:21,12-Mar-18
1.52082E+12,2,3/12/18 1:25,12-Mar-18
1.52082E+12,3,3/12/18 1:26,12-Mar-18
1.52082E+12,2,3/12/18 1:27,12-Mar-18
1.52082E+12,3,3/12/18 1:27,12-Mar-18
1.52082E+12,2,3/12/18 1:32,12-Mar-18
1.52082E+12,3,3/12/18 1:33,12-Mar-18
1.52082E+12,2,3/12/18 1:35,12-Mar-18
1.52082E+12,3,3/12/18 1:39,12-Mar-18
1.52082E+12,2,3/12/18 1:40,12-Mar-18
1.52082E+12,3,3/12/18 1:40,12-Mar-18
1.52082E+12,2,3/12/18 1:43,12-Mar-18
1.52082E+12,3,3/12/18 2:01,12-Mar-18
1.52082E+12,2,3/12/18 2:01,12-Mar-18
1.52082E+12,3,3/12/18 2:03,12-Mar-18
1.52082E+12,2,3/12/18 2:10,12-Mar-18
1.52082E+12,3,3/12/18 2:12,12-Mar-18
1.52082E+12,2,3/12/18 2:14,12-Mar-18
1.52084E+12,2,3/12/18 6:53,12-Mar-18
1.52084E+12,2,3/12/18 6:53,12-Mar-18
1.52084E+12,3,3/12/18 6:53,12-Mar-18
1.52084E+12,2,3/12/18 7:10,12-Mar-18
1.52084E+12,3,3/12/18 7:57,12-Mar-18
1.52084E+12,2,3/12/18 8:03,12-Mar-18
1.52084E+12,3,3/12/18 8:04,12-Mar-18
1.52086E+12,2,3/12/18 13:54,12-Mar-18
1.52087E+12,3,3/12/18 14:43,12-Mar-18
1.52087E+12,2,3/12/18 14:56,12-Mar-18
1.52087E+12,3,3/12/18 15:27,12-Mar-18
1.52087E+12,2,3/12/18 15:30,12-Mar-18
1.52087E+12,3,3/12/18 15:37,12-Mar-18
1.52087E+12,2,3/12/18 15:38,12-Mar-18
1.52087E+12,3,3/12/18 15:49,12-Mar-18
1.52087E+12,2,3/12/18 16:03,12-Mar-18
1.52087E+12,3,3/12/18 16:14,12-Mar-18
1.52087E+12,2,3/12/18 16:17,12-Mar-18
1.52087E+12,3,3/12/18 16:18,12-Mar-18
1.52087E+12,2,3/12/18 16:19,12-Mar-18
1.52087E+12,3,3/12/18 16:19,12-Mar-18
1.52087E+12,2,3/12/18 16:20,12-Mar-18
1.52087E+12,3,3/12/18 16:21,12-Mar-18
1.52087E+12,2,3/12/18 16:21,12-Mar-18
1.52087E+12,3,3/12/18 16:25,12-Mar-18
1.52087E+12,2,3/12/18 16:26,12-Mar-18
1.52087E+12,3,3/12/18 16:27,12-Mar-18
1.52087E+12,2,3/12/18 16:28,12-Mar-18
1.52087E+12,3,3/12/18 16:33,12-Mar-18
1.52087E+12,2,3/12/18 16:35,12-Mar-18
1.52087E+12,3,3/12/18 16:37,12-Mar-18
1.52087E+12,2,3/12/18 16:39,12-Mar-18
1.52087E+12,3,3/12/18 16:42,12-Mar-18
1.52087E+12,2,3/12/18 16:42,12-Mar-18
1.52087E+12,3,3/12/18 16:43,12-Mar-18
1.52087E+12,2,3/12/18 16:43,12-Mar-18
1.52087E+12,3,3/12/18 16:44,12-Mar-18
1.52087E+12,2,3/12/18 16:52,12-Mar-18
1.52087E+12,3,3/12/18 16:52,12-Mar-18
1.52087E+12,2,3/12/18 17:14,12-Mar-18
1.52087E+12,3,3/12/18 17:14,12-Mar-18
1.52088E+12,2,3/12/18 17:16,12-Mar-18
1.52088E+12,3,3/12/18 17:17,12-Mar-18
1.52088E+12,2,3/12/18 17:19,12-Mar-18
1.52088E+12,3,3/12/18 17:21,12-Mar-18
1.52088E+12,2,3/12/18 17:21,12-Mar-18
1.52088E+12,3,3/12/18 17:22,12-Mar-18
1.52088E+12,2,3/12/18 17:28,12-Mar-18
1.52088E+12,3,3/12/18 17:28,12-Mar-18
1.52088E+12,2,3/12/18 17:33,12-Mar-18
1.52088E+12,3,3/12/18 17:48,12-Mar-18
1.52088E+12,2,3/12/18 17:50,12-Mar-18
1.52088E+12,3,3/12/18 18:15,12-Mar-18
1.52088E+12,2,3/12/18 18:21,12-Mar-18
1.52088E+12,3,3/12/18 18:27,12-Mar-18
1.52088E+12,2,3/12/18 18:31,12-Mar-18
1.52088E+12,3,3/12/18 18:31,12-Mar-18
1.52088E+12,2,3/12/18 18:32,12-Mar-18
1.52088E+12,3,3/12/18 18:33,12-Mar-18
1.52088E+12,2,3/12/18 18:33,12-Mar-18
1.52088E+12,3,3/12/18 18:36,12-Mar-18
1.52088E+12,2,3/12/18 18:36,12-Mar-18
1.52088E+12,3,3/12/18 18:38,12-Mar-18
1.52088E+12,2,3/12/18 18:38,12-Mar-18
1.52088E+12,3,3/12/18 18:39,12-Mar-18
1.52088E+12,2,3/12/18 18:39,12-Mar-18
1.52088E+12,3,3/12/18 18:41,12-Mar-18
1.52088E+12,2,3/12/18 18:41,12-Mar-18
1.52088E+12,3,3/12/18 18:42,12-Mar-18
1.52088E+12,2,3/12/18 18:43,12-Mar-18
1.52088E+12,3,3/12/18 18:43,12-Mar-18
1.5209E+12,2,3/12/18 23:39,12-Mar-18
1.5209E+12,3,3/12/18 23:43,12-Mar-18
1.5209E+12,2,3/12/18 23:44,12-Mar-18
1.5209E+12,3,3/12/18 23:54,12-Mar-18
1.5209E+12,2,3/12/18 23:56,12-Mar-18
1.5209E+12,3,3/13/18 0:50,13-Mar-18
1.5209E+12,2,3/13/18 0:52,13-Mar-18
1.5209E+12,3,3/13/18 0:53,13-Mar-18
1.5209E+12,2,3/13/18 0:53,13-Mar-18
1.5209E+12,3,3/13/18 0:53,13-Mar-18
1.5209E+12,2,3/13/18 0:56,13-Mar-18
1.5209E+12,3,3/13/18 1:21,13-Mar-18
1.5209E+12,2,3/13/18 1:27,13-Mar-18
1.5209E+12,3,3/13/18 1:29,13-Mar-18
1.5209E+12,2,3/13/18 1:33,13-Mar-18
1.5209E+12,3,3/13/18 1:33,13-Mar-18
1.52091E+12,2,3/13/18 1:52,13-Mar-18
1.52091E+12,3,3/13/18 2:01,13-Mar-18
1.52091E+12,2,3/13/18 2:35,13-Mar-18
1.52092E+12,3,3/13/18 4:36,13-Mar-18
1.52092E+12,2,3/13/18 4:40,13-Mar-18
1.52092E+12,3,3/13/18 4:41,13-Mar-18
1.52092E+12,2,3/13/18 5:04,13-Mar-18
1.52092E+12,3,3/13/18 5:05,13-Mar-18
1.52092E+12,2,3/13/18 5:05,13-Mar-18
1.52092E+12,3,3/13/18 5:31,13-Mar-18
1.52092E+12,2,3/13/18 5:35,13-Mar-18
1.52095E+12,3,3/13/18 13:31,13-Mar-18
1.52095E+12,2,3/13/18 13:37,13-Mar-18
1.52095E+12,3,3/13/18 13:39,13-Mar-18
1.52095E+12,2,3/13/18 13:46,13-Mar-18
1.52095E+12,3,3/13/18 14:06,13-Mar-18
1.52095E+12,2,3/13/18 14:07,13-Mar-18
1.52095E+12,3,3/13/18 14:11,13-Mar-18
1.52095E+12,2,3/13/18 14:14,13-Mar-18
1.52095E+12,3,3/13/18 14:15,13-Mar-18
1.52095E+12,2,3/13/18 14:16,13-Mar-18
1.52095E+12,3,3/13/18 14:20,13-Mar-18
1.52095E+12,2,3/13/18 14:22,13-Mar-18
1.52095E+12,3,3/13/18 14:26,13-Mar-18
1.52095E+12,2,3/13/18 14:27,13-Mar-18
1.52095E+12,3,3/13/18 14:30,13-Mar-18
1.52095E+12,2,3/13/18 14:31,13-Mar-18
1.52095E+12,3,3/13/18 14:31,13-Mar-18
1.52095E+12,2,3/13/18 14:34,13-Mar-18
1.52095E+12,3,3/13/18 15:16,13-Mar-18
1.52095E+12,2,3/13/18 15:22,13-Mar-18
1.52095E+12,3,3/13/18 15:26,13-Mar-18
1.52096E+12,2,3/13/18 15:30,13-Mar-18
1.52096E+12,3,3/13/18 15:30,13-Mar-18
1.52096E+12,2,3/13/18 15:30,13-Mar-18
1.52096E+12,3,3/13/18 15:34,13-Mar-18
1.52096E+12,2,3/13/18 15:34,13-Mar-18
1.52096E+12,3,3/13/18 15:35,13-Mar-18
1.52096E+12,2,3/13/18 15:36,13-Mar-18
1.52096E+12,3,3/13/18 15:49,13-Mar-18
1.52096E+12,2,3/13/18 15:56,13-Mar-18
1.52096E+12,3,3/13/18 16:16,13-Mar-18
1.52096E+12,2,3/13/18 16:24,13-Mar-18
1.52096E+12,3,3/13/18 16:36,13-Mar-18
1.52096E+12,2,3/13/18 16:37,13-Mar-18
1.52096E+12,3,3/13/18 16:45,13-Mar-18
1.52096E+12,2,3/13/18 16:54,13-Mar-18
1.52096E+12,3,3/13/18 16:55,13-Mar-18
1.52096E+12,2,3/13/18 16:57,13-Mar-18
1.52096E+12,3,3/13/18 17:25,13-Mar-18
1.52096E+12,3,3/13/18 17:25,13-Mar-18
1.52096E+12,2,3/13/18 17:28,13-Mar-18
1.52096E+12,3,3/13/18 17:43,13-Mar-18
1.52096E+12,2,3/13/18 17:44,13-Mar-18
1.52096E+12,3,3/13/18 17:49,13-Mar-18
1.52096E+12,3,3/13/18 18:03,13-Mar-18
1.52096E+12,3,3/13/18 18:03,13-Mar-18
1.52096E+12,2,3/13/18 18:04,13-Mar-18
1.52096E+12,3,3/13/18 18:04,13-Mar-18
1.52096E+12,2,3/13/18 18:07,13-Mar-18
1.52096E+12,3,3/13/18 18:09,13-Mar-18
1.52097E+12,2,3/13/18 18:34,13-Mar-18
1.52097E+12,3,3/13/18 18:46,13-Mar-18
1.52097E+12,2,3/13/18 19:00,13-Mar-18
1.52097E+12,3,3/13/18 19:03,13-Mar-18
1.52097E+12,2,3/13/18 19:05,13-Mar-18
1.52097E+12,3,3/13/18 19:10,13-Mar-18
1.52097E+12,2,3/13/18 19:12,13-Mar-18
1.52097E+12,3,3/13/18 19:34,13-Mar-18
1.52097E+12,2,3/13/18 19:39,13-Mar-18
1.52097E+12,3,3/13/18 19:41,13-Mar-18
1.52097E+12,2,3/13/18 19:46,13-Mar-18
1.52097E+12,3,3/13/18 19:49,13-Mar-18
1.52097E+12,2,3/13/18 19:50,13-Mar-18
1.52097E+12,3,3/13/18 20:05,13-Mar-18
1.52097E+12,2,3/13/18 20:06,13-Mar-18
1.52097E+12,3,3/13/18 20:06,13-Mar-18
1.52097E+12,2,3/13/18 20:06,13-Mar-18
1.52097E+12,3,3/13/18 20:13,13-Mar-18
1.52097E+12,2,3/13/18 20:13,13-Mar-18
1.52097E+12,3,3/13/18 20:16,13-Mar-18
1.52097E+12,2,3/13/18 20:20,13-Mar-18
1.52097E+12,3,3/13/18 20:22,13-Mar-18
1.52097E+12,2,3/13/18 20:31,13-Mar-18
1.52097E+12,3,3/13/18 20:53,13-Mar-18
1.52097E+12,2,3/13/18 20:53,13-Mar-18
1.52097E+12,3,3/13/18 20:56,13-Mar-18
1.52097E+12,2,3/13/18 20:57,13-Mar-18
1.52097E+12,3,3/13/18 21:02,13-Mar-18
1.52097E+12,2,3/13/18 21:03,13-Mar-18
1.52098E+12,3,3/13/18 21:05,13-Mar-18
1.52098E+12,2,3/13/18 21:07,13-Mar-18
1.52098E+12,3,3/13/18 22:02,13-Mar-18
1.52098E+12,2,3/13/18 22:25,13-Mar-18
1.52098E+12,3,3/13/18 22:27,13-Mar-18
1.52098E+12,2,3/13/18 22:28,13-Mar-18
1.52098E+12,3,3/13/18 22:31,13-Mar-18
1.52098E+12,2,3/13/18 22:31,13-Mar-18
1.52098E+12,3,3/13/18 22:35,13-Mar-18
1.52098E+12,2,3/13/18 22:39,13-Mar-18
1.52098E+12,3,3/13/18 23:28,13-Mar-18
1.52098E+12,2,3/13/18 23:28,13-Mar-18
1.52099E+12,2,3/14/18 0:00,14-Mar-18
1.52099E+12,2,3/14/18 0:00,14-Mar-18
1.52099E+12,3,3/14/18 0:05,14-Mar-18
1.52099E+12,2,3/14/18 0:31,14-Mar-18
1.52099E+12,3,3/14/18 0:33,14-Mar-18
1.52099E+12,2,3/14/18 0:52,14-Mar-18
1.52099E+12,3,3/14/18 1:06,14-Mar-18
1.52099E+12,2,3/14/18 1:07,14-Mar-18
1.52099E+12,3,3/14/18 1:08,14-Mar-18
1.52099E+12,2,3/14/18 1:11,14-Mar-18
1.52099E+12,3,3/14/18 1:37,14-Mar-18
1.52099E+12,2,3/14/18 1:45,14-Mar-18
1.52099E+12,3,3/14/18 1:45,14-Mar-18
1.52099E+12,2,3/14/18 1:46,14-Mar-18
1.52099E+12,3,3/14/18 1:50,14-Mar-18
1.52099E+12,2,3/14/18 1:55,14-Mar-18
1.52099E+12,3,3/14/18 2:27,14-Mar-18
1.52099E+12,2,3/14/18 2:29,14-Mar-18
1.521E+12,3,3/14/18 2:40,14-Mar-18
1.521E+12,2,3/14/18 2:43,14-Mar-18
1.521E+12,3,3/14/18 2:49,14-Mar-18
1.521E+12,3,3/14/18 3:02,14-Mar-18
1.521E+12,3,3/14/18 3:02,14-Mar-18
1.521E+12,2,3/14/18 3:31,14-Mar-18
1.521E+12,3,3/14/18 4:41,14-Mar-18
1.521E+12,2,3/14/18 5:04,14-Mar-18
1.521E+12,3,3/14/18 5:04,14-Mar-18
1.521E+12,2,3/14/18 5:05,14-Mar-18
1.52101E+12,3,3/14/18 6:20,14-Mar-18
1.52101E+12,2,3/14/18 6:37,14-Mar-18
1.52104E+12,3,3/14/18 13:48,14-Mar-18
1.52104E+12,2,3/14/18 14:17,14-Mar-18
1.52104E+12,3,3/14/18 14:47,14-Mar-18
1.52104E+12,2,3/14/18 14:57,14-Mar-18
1.52104E+12,3,3/14/18 14:58,14-Mar-18
1.52104E+12,2,3/14/18 15:02,14-Mar-18
1.52104E+12,3,3/14/18 15:04,14-Mar-18
1.52104E+12,2,3/14/18 15:10,14-Mar-18
1.52104E+12,3,3/14/18 15:14,14-Mar-18
1.52104E+12,2,3/14/18 15:17,14-Mar-18
1.52104E+12,3,3/14/18 16:02,14-Mar-18
1.52104E+12,2,3/14/18 16:06,14-Mar-18
1.52104E+12,3,3/14/18 16:08,14-Mar-18
1.52104E+12,2,3/14/18 16:08,14-Mar-18
1.52104E+12,3,3/14/18 16:21,14-Mar-18
1.52104E+12,2,3/14/18 16:22,14-Mar-18
1.52104E+12,3,3/14/18 16:23,14-Mar-18
1.52104E+12,2,3/14/18 16:23,14-Mar-18
1.52104E+12,3,3/14/18 16:29,14-Mar-18
1.52104E+12,2,3/14/18 16:29,14-Mar-18
1.52105E+12,3,3/14/18 16:38,14-Mar-18
1.52105E+12,2,3/14/18 16:39,14-Mar-18
1.52105E+12,3,3/14/18 17:54,14-Mar-18
1.52105E+12,2,3/14/18 17:54,14-Mar-18
1.52105E+12,3,3/14/18 17:57,14-Mar-18
1.52105E+12,2,3/14/18 17:57,14-Mar-18
1.52105E+12,3,3/14/18 18:01,14-Mar-18
1.52105E+12,2,3/14/18 18:02,14-Mar-18
1.52105E+12,3,3/14/18 18:33,14-Mar-18
1.52105E+12,2,3/14/18 18:34,14-Mar-18
1.52105E+12,3,3/14/18 18:39,14-Mar-18
1.52105E+12,2,3/14/18 18:39,14-Mar-18
1.52105E+12,3,3/14/18 18:40,14-Mar-18
1.52105E+12,2,3/14/18 18:40,14-Mar-18
1.52105E+12,3,3/14/18 18:41,14-Mar-18
1.52105E+12,2,3/14/18 18:41,14-Mar-18
1.52105E+12,3,3/14/18 18:59,14-Mar-18
1.52105E+12,2,3/14/18 19:03,14-Mar-18
1.52105E+12,3,3/14/18 19:04,14-Mar-18
1.52105E+12,2,3/14/18 19:05,14-Mar-18
1.52105E+12,3,3/14/18 19:08,14-Mar-18
1.52105E+12,2,3/14/18 19:14,14-Mar-18
1.52105E+12,3,3/14/18 19:16,14-Mar-18
1.52106E+12,2,3/14/18 19:26,14-Mar-18
1.52106E+12,3,3/14/18 19:29,14-Mar-18
1.52106E+12,2,3/14/18 19:29,14-Mar-18
1.52106E+12,3,3/14/18 19:34,14-Mar-18
1.52106E+12,2,3/14/18 19:40,14-Mar-18
1.52106E+12,3,3/14/18 19:50,14-Mar-18
1.52106E+12,2,3/14/18 19:50,14-Mar-18
1.52106E+12,3,3/14/18 19:50,14-Mar-18
1.52106E+12,2,3/14/18 20:00,14-Mar-18
1.52106E+12,3,3/14/18 20:17,14-Mar-18
1.52106E+12,2,3/14/18 20:19,14-Mar-18
1.52106E+12,3,3/14/18 20:21,14-Mar-18
1.52106E+12,2,3/14/18 20:24,14-Mar-18
1.52106E+12,3,3/14/18 20:25,14-Mar-18
1.52106E+12,2,3/14/18 20:25,14-Mar-18
1.52106E+12,3,3/14/18 20:26,14-Mar-18
1.52106E+12,2,3/14/18 20:35,14-Mar-18
1.52106E+12,3,3/14/18 20:35,14-Mar-18
1.52106E+12,2,3/14/18 20:36,14-Mar-18
1.52106E+12,3,3/14/18 20:37,14-Mar-18
1.52106E+12,2,3/14/18 20:38,14-Mar-18
1.52106E+12,3,3/14/18 20:39,14-Mar-18
1.52106E+12,2,3/14/18 20:40,14-Mar-18
1.52106E+12,3,3/14/18 20:40,14-Mar-18
1.52106E+12,2,3/14/18 20:41,14-Mar-18
1.52106E+12,3,3/14/18 20:41,14-Mar-18
1.52106E+12,2,3/14/18 20:42,14-Mar-18
1.52106E+12,3,3/14/18 20:43,14-Mar-18
1.52106E+12,2,3/14/18 20:43,14-Mar-18
1.52106E+12,3,3/14/18 20:44,14-Mar-18
1.52106E+12,2,3/14/18 20:44,14-Mar-18
1.52106E+12,3,3/14/18 20:45,14-Mar-18
1.52106E+12,2,3/14/18 20:48,14-Mar-18
1.52106E+12,3,3/14/18 20:49,14-Mar-18
1.52106E+12,2,3/14/18 20:51,14-Mar-18
1.52106E+12,3,3/14/18 20:54,14-Mar-18
1.52106E+12,2,3/14/18 20:55,14-Mar-18
1.52106E+12,3,3/14/18 20:58,14-Mar-18
1.52106E+12,2,3/14/18 20:58,14-Mar-18
1.52106E+12,3,3/14/18 20:58,14-Mar-18
1.52106E+12,2,3/14/18 20:59,14-Mar-18
1.52106E+12,3,3/14/18 21:01,14-Mar-18
1.52106E+12,2,3/14/18 21:01,14-Mar-18
1.52106E+12,3,3/14/18 21:02,14-Mar-18
1.52106E+12,2,3/14/18 21:02,14-Mar-18
1.52106E+12,3,3/14/18 21:38,14-Mar-18
1.52106E+12,2,3/14/18 21:40,14-Mar-18
1.52106E+12,3,3/14/18 21:53,14-Mar-18
1.52106E+12,2,3/14/18 21:58,14-Mar-18
1.52107E+12,3,3/14/18 22:03,14-Mar-18
1.52107E+12,2,3/14/18 22:04,14-Mar-18
1.52107E+12,3,3/14/18 22:04,14-Mar-18
1.52107E+12,2,3/14/18 22:05,14-Mar-18
1.52107E+12,3,3/14/18 22:21,14-Mar-18
1.52107E+12,2,3/14/18 22:23,14-Mar-18
1.52107E+12,3,3/14/18 22:56,14-Mar-18
1.52107E+12,2,3/14/18 22:58,14-Mar-18
1.52107E+12,3,3/14/18 22:59,14-Mar-18
1.52107E+12,2,3/14/18 23:00,14-Mar-18
1.52107E+12,3,3/14/18 23:03,14-Mar-18
1.52107E+12,2,3/14/18 23:04,14-Mar-18
1.52107E+12,3,3/14/18 23:11,14-Mar-18
1.52107E+12,2,3/14/18 23:15,14-Mar-18
1.52107E+12,3,3/15/18 0:12,15-Mar-18
1.52107E+12,2,3/15/18 0:12,15-Mar-18
1.52107E+12,3,3/15/18 0:41,15-Mar-18
1.52107E+12,2,3/15/18 0:42,15-Mar-18
1.52108E+12,3,3/15/18 1:49,15-Mar-18
1.52108E+12,2,3/15/18 1:49,15-Mar-18
1.52108E+12,3,3/15/18 1:49,15-Mar-18
1.52108E+12,2,3/15/18 1:50,15-Mar-18
1.52108E+12,3,3/15/18 1:56,15-Mar-18
1.52108E+12,2,3/15/18 1:56,15-Mar-18
1.52108E+12,3,3/15/18 2:10,15-Mar-18
1.52108E+12,2,3/15/18 2:14,15-Mar-18
1.52108E+12,3,3/15/18 2:30,15-Mar-18
1.52108E+12,2,3/15/18 2:30,15-Mar-18
1.52108E+12,3,3/15/18 2:38,15-Mar-18
1.52108E+12,2,3/15/18 2:40,15-Mar-18
1.52109E+12,3,3/15/18 4:30,15-Mar-18
1.52109E+12,2,3/15/18 4:34,15-Mar-18
1.52109E+12,3,3/15/18 4:35,15-Mar-18
1.52109E+12,2,3/15/18 4:36,15-Mar-18
1.52109E+12,3,3/15/18 4:36,15-Mar-18
1.52109E+12,2,3/15/18 4:36,15-Mar-18
1.52109E+12,3,3/15/18 5:08,15-Mar-18
1.52109E+12,2,3/15/18 5:10,15-Mar-18
1.52109E+12,3,3/15/18 5:14,15-Mar-18
1.52109E+12,2,3/15/18 5:25,15-Mar-18
1.52109E+12,2,3/15/18 5:25,15-Mar-18
1.52109E+12,3,3/15/18 5:27,15-Mar-18
1.52109E+12,3,3/15/18 5:27,15-Mar-18
1.52109E+12,3,3/15/18 5:27,15-Mar-18
1.52109E+12,3,3/15/18 5:27,15-Mar-18
1.52109E+12,3,3/15/18 5:27,15-Mar-18
1.52109E+12,3,3/15/18 5:27,15-Mar-18
1.52109E+12,3,3/15/18 5:27,15-Mar-18
1.52109E+12,3,3/15/18 5:27,15-Mar-18
1.52109E+12,3,3/15/18 5:27,15-Mar-18
1.5211E+12,2,3/15/18 7:16,15-Mar-18
1.5211E+12,2,3/15/18 7:16,15-Mar-18
1.5211E+12,2,3/15/18 7:16,15-Mar-18
1.5211E+12,2,3/15/18 7:16,15-Mar-18
1.5211E+12,2,3/15/18 7:16,15-Mar-18
1.5211E+12,2,3/15/18 7:16,15-Mar-18
1.5211E+12,2,3/15/18 7:16,15-Mar-18
1.5211E+12,2,3/15/18 7:16,15-Mar-18
1.5211E+12,2,3/15/18 7:16,15-Mar-18
1.5211E+12,2,3/15/18 7:16,15-Mar-18
1.5211E+12,2,3/15/18 7:16,15-Mar-18
1.5211E+12,2,3/15/18 7:16,15-Mar-18
1.5211E+12,2,3/15/18 7:16,15-Mar-18
1.5211E+12,2,3/15/18 7:16,15-Mar-18
1.5211E+12,2,3/15/18 7:16,15-Mar-18
1.5211E+12,2,3/15/18 7:16,15-Mar-18
1.5211E+12,2,3/15/18 7:16,15-Mar-18
1.5211E+12,2,3/15/18 7:16,15-Mar-18
1.5211E+12,2,3/15/18 7:16,15-Mar-18
1.5211E+12,2,3/15/18 7:16,15-Mar-18
1.5211E+12,2,3/15/18 7:16,15-Mar-18
1.5211E+12,2,3/15/18 7:16,15-Mar-18
1.5211E+12,2,3/15/18 7:16,15-Mar-18
1.5211E+12,2,3/15/18 7:16,15-Mar-18
1.5211E+12,2,3/15/18 7:16,15-Mar-18
1.5211E+12,2,3/15/18 7:16,15-Mar-18
1.5211E+12,2,3/15/18 7:16,15-Mar-18
1.5211E+12,2,3/15/18 7:16,15-Mar-18
1.5211E+12,2,3/15/18 7:16,15-Mar-18
1.5211E+12,2,3/15/18 7:16,15-Mar-18
1.5211E+12,2,3/15/18 7:16,15-Mar-18
1.5211E+12,2,3/15/18 7:16,15-Mar-18
1.5211E+12,2,3/15/18 7:16,15-Mar-18
1.5211E+12,2,3/15/18 7:16,15-Mar-18
1.5211E+12,2,3/15/18 7:16,15-Mar-18
1.5211E+12,2,3/15/18 7:16,15-Mar-18
1.5211E+12,2,3/15/18 7:16,15-Mar-18
1.52112E+12,3,3/15/18 14:40,15-Mar-18
1.52112E+12,3,3/15/18 14:40,15-Mar-18
1.52112E+12,3,3/15/18 14:40,15-Mar-18
1.52112E+12,3,3/15/18 14:40,15-Mar-18
1.52112E+12,3,3/15/18 14:40,15-Mar-18
1.52113E+12,2,3/15/18 15:35,15-Mar-18
1.52113E+12,3,3/15/18 15:36,15-Mar-18
1.52113E+12,2,3/15/18 15:40,15-Mar-18
1.52113E+12,3,3/15/18 15:40,15-Mar-18
1.52113E+12,2,3/15/18 15:42,15-Mar-18
1.52113E+12,3,3/15/18 16:06,15-Mar-18
1.52113E+12,2,3/15/18 16:17,15-Mar-18
1.52113E+12,3,3/15/18 17:04,15-Mar-18
1.52113E+12,2,3/15/18 17:07,15-Mar-18
1.52114E+12,3,3/15/18 18:09,15-Mar-18
1.52114E+12,2,3/15/18 18:25,15-Mar-18
1.52114E+12,3,3/15/18 18:26,15-Mar-18
1.52114E+12,2,3/15/18 18:27,15-Mar-18
1.52114E+12,3,3/15/18 18:47,15-Mar-18
1.52114E+12,2,3/15/18 18:51,15-Mar-18
1.52114E+12,3,3/15/18 18:52,15-Mar-18
1.52114E+12,2,3/15/18 18:53,15-Mar-18
1.52114E+12,3,3/15/18 19:29,15-Mar-18
1.52114E+12,2,3/15/18 19:31,15-Mar-18
1.52114E+12,3,3/15/18 19:56,15-Mar-18
1.52114E+12,2,3/15/18 20:07,15-Mar-18
1.52115E+12,3,3/15/18 20:18,15-Mar-18
1.52115E+12,2,3/15/18 20:23,15-Mar-18
1.52115E+12,3,3/15/18 20:29,15-Mar-18
1.52115E+12,2,3/15/18 20:29,15-Mar-18
1.52115E+12,3,3/15/18 20:30,15-Mar-18
1.52115E+12,2,3/15/18 20:33,15-Mar-18
1.52115E+12,3,3/15/18 20:34,15-Mar-18
1.52115E+12,2,3/15/18 20:35,15-Mar-18
1.52115E+12,3,3/15/18 20:37,15-Mar-18
1.52115E+12,2,3/15/18 20:39,15-Mar-18
1.52115E+12,3,3/15/18 21:06,15-Mar-18
1.52115E+12,2,3/15/18 21:08,15-Mar-18
1.52115E+12,3,3/15/18 21:31,15-Mar-18
1.52115E+12,2,3/15/18 21:32,15-Mar-18
1.52115E+12,3,3/15/18 22:17,15-Mar-18
1.52115E+12,2,3/15/18 22:42,15-Mar-18
1.52116E+12,3,3/15/18 23:31,15-Mar-18
1.52116E+12,2,3/16/18 0:19,16-Mar-18
1.52116E+12,2,3/16/18 0:19,16-Mar-18
1.52116E+12,2,3/16/18 0:19,16-Mar-18
1.52116E+12,2,3/16/18 0:19,16-Mar-18
1.52116E+12,2,3/16/18 0:19,16-Mar-18
1.52116E+12,2,3/16/18 0:19,16-Mar-18
1.52116E+12,2,3/16/18 0:19,16-Mar-18
1.52117E+12,3,3/16/18 1:51,16-Mar-18
1.52117E+12,2,3/16/18 2:30,16-Mar-18
1.52117E+12,3,3/16/18 2:30,16-Mar-18
1.52117E+12,2,3/16/18 2:54,16-Mar-18
1.52117E+12,3,3/16/18 2:59,16-Mar-18
1.52117E+12,2,3/16/18 2:59,16-Mar-18
1.52117E+12,3,3/16/18 3:17,16-Mar-18
1.52117E+12,2,3/16/18 3:39,16-Mar-18
1.52117E+12,3,3/16/18 3:39,16-Mar-18
1.52117E+12,2,3/16/18 3:41,16-Mar-18
1.52117E+12,3,3/16/18 4:05,16-Mar-18
1.52117E+12,2,3/16/18 4:08,16-Mar-18
1.52117E+12,3,3/16/18 4:21,16-Mar-18
1.52117E+12,2,3/16/18 4:23,16-Mar-18
1.52118E+12,3,3/16/18 5:15,16-Mar-18
1.52118E+12,2,3/16/18 5:51,16-Mar-18
1.52118E+12,3,3/16/18 5:57,16-Mar-18
1.52118E+12,2,3/16/18 6:32,16-Mar-18
1.52118E+12,3,3/16/18 6:38,16-Mar-18
1.52118E+12,2,3/16/18 6:38,16-Mar-18
1.52118E+12,3,3/16/18 6:39,16-Mar-18
1.52118E+12,3,3/16/18 6:39,16-Mar-18
1.52118E+12,2,3/16/18 7:01,16-Mar-18
1.52118E+12,3,3/16/18 7:02,16-Mar-18
1.52118E+12,2,3/16/18 7:07,16-Mar-18
1.52118E+12,2,3/16/18 7:07,16-Mar-18
1.52118E+12,2,3/16/18 7:07,16-Mar-18
1.52118E+12,2,3/16/18 7:07,16-Mar-18
1.52118E+12,2,3/16/18 7:07,16-Mar-18
1.52118E+12,2,3/16/18 7:07,16-Mar-18
1.52118E+12,2,3/16/18 7:07,16-Mar-18
1.52118E+12,2,3/16/18 7:07,16-Mar-18
1.52118E+12,2,3/16/18 7:07,16-Mar-18
1.52118E+12,2,3/16/18 7:07,16-Mar-18
1.52118E+12,2,3/16/18 7:07,16-Mar-18
1.52118E+12,2,3/16/18 7:07,16-Mar-18
1.52118E+12,2,3/16/18 7:07,16-Mar-18
1.52118E+12,2,3/16/18 7:07,16-Mar-18
1.52118E+12,2,3/16/18 7:07,16-Mar-18
1.52118E+12,2,3/16/18 7:07,16-Mar-18
1.52118E+12,2,3/16/18 7:07,16-Mar-18
1.52118E+12,2,3/16/18 7:07,16-Mar-18
1.52118E+12,2,3/16/18 7:07,16-Mar-18
1.52118E+12,2,3/16/18 7:07,16-Mar-18
1.52118E+12,2,3/16/18 7:07,16-Mar-18
1.52118E+12,2,3/16/18 7:07,16-Mar-18
1.52118E+12,2,3/16/18 7:07,16-Mar-18
1.52118E+12,2,3/16/18 7:07,16-Mar-18
1.52118E+12,2,3/16/18 7:07,16-Mar-18
1.52118E+12,2,3/16/18 7:07,16-Mar-18
1.52118E+12,2,3/16/18 7:07,16-Mar-18
1.52118E+12,2,3/16/18 7:07,16-Mar-18
1.52118E+12,2,3/16/18 7:07,16-Mar-18
1.52118E+12,2,3/16/18 7:07,16-Mar-18
1.52118E+12,2,3/16/18 7:07,16-Mar-18
1.52118E+12,2,3/16/18 7:07,16-Mar-18
1.52118E+12,2,3/16/18 7:07,16-Mar-18
1.52118E+12,2,3/16/18 7:07,16-Mar-18
1.52121E+12,3,3/16/18 15:00,16-Mar-18
1.52121E+12,3,3/16/18 15:00,16-Mar-18
1.52121E+12,3,3/16/18 15:00,16-Mar-18
1.52121E+12,3,3/16/18 15:00,16-Mar-18
1.52121E+12,3,3/16/18 15:00,16-Mar-18
1.52121E+12,3,3/16/18 15:00,16-Mar-18
1.52121E+12,3,3/16/18 15:00,16-Mar-18
1.52122E+12,2,3/16/18 16:31,16-Mar-18
1.52122E+12,3,3/16/18 16:50,16-Mar-18
1.52122E+12,2,3/16/18 17:06,16-Mar-18
1.52122E+12,3,3/16/18 17:13,16-Mar-18
1.52122E+12,2,3/16/18 17:22,16-Mar-18
1.52122E+12,3,3/16/18 17:22,16-Mar-18
1.52122E+12,2,3/16/18 17:25,16-Mar-18
1.52122E+12,3,3/16/18 17:26,16-Mar-18
1.52122E+12,2,3/16/18 17:28,16-Mar-18
1.52122E+12,2,3/16/18 17:28,16-Mar-18
1.52122E+12,2,3/16/18 17:28,16-Mar-18
1.52122E+12,2,3/16/18 17:28,16-Mar-18
1.52122E+12,2,3/16/18 17:28,16-Mar-18
1.52122E+12,2,3/16/18 17:28,16-Mar-18
1.52123E+12,3,3/16/18 18:49,16-Mar-18
1.52123E+12,2,3/16/18 18:49,16-Mar-18
1.52123E+12,3,3/16/18 18:49,16-Mar-18
1.52123E+12,2,3/16/18 18:50,16-Mar-18
1.52123E+12,3,3/16/18 19:00,16-Mar-18
1.52123E+12,2,3/16/18 19:02,16-Mar-18
1.52123E+12,3,3/16/18 19:10,16-Mar-18
1.52123E+12,2,3/16/18 19:12,16-Mar-18
1.52123E+12,3,3/16/18 19:13,16-Mar-18
1.52123E+12,2,3/16/18 19:14,16-Mar-18
1.52124E+12,3,3/16/18 21:57,16-Mar-18
1.52124E+12,2,3/16/18 22:02,16-Mar-18
1.52124E+12,3,3/16/18 22:02,16-Mar-18
1.52124E+12,2,3/16/18 22:02,16-Mar-18
1.52124E+12,3,3/16/18 22:03,16-Mar-18
1.52124E+12,2,3/16/18 22:03,16-Mar-18
1.52124E+12,3,3/16/18 22:40,16-Mar-18
1.52124E+12,2,3/16/18 22:52,16-Mar-18
1.52124E+12,3,3/16/18 22:52,16-Mar-18
1.52124E+12,3,3/16/18 23:03,16-Mar-18
1.52124E+12,3,3/16/18 23:03,16-Mar-18
1.52124E+12,2,3/16/18 23:07,16-Mar-18
1.52124E+12,3,3/16/18 23:09,16-Mar-18
1.52124E+12,2,3/16/18 23:10,16-Mar-18
1.52124E+12,3,3/16/18 23:12,16-Mar-18
1.52124E+12,2,3/16/18 23:18,16-Mar-18
1.52124E+12,3,3/16/18 23:19,16-Mar-18
1.52124E+12,2,3/16/18 23:24,16-Mar-18
1.52124E+12,3,3/16/18 23:24,16-Mar-18
1.52124E+12,2,3/16/18 23:26,16-Mar-18
1.52124E+12,3,3/16/18 23:34,16-Mar-18
1.52124E+12,2,3/16/18 23:35,16-Mar-18
1.52124E+12,3,3/16/18 23:44,16-Mar-18
1.52124E+12,2,3/16/18 23:45,16-Mar-18
1.52125E+12,3,3/17/18 0:46,17-Mar-18
1.52125E+12,2,3/17/18 0:47,17-Mar-18
1.52125E+12,3,3/17/18 0:49,17-Mar-18
1.52125E+12,2,3/17/18 0:56,17-Mar-18
1.52125E+12,3,3/17/18 0:57,17-Mar-18
1.52125E+12,2,3/17/18 1:26,17-Mar-18
1.52125E+12,3,3/17/18 1:34,17-Mar-18
1.52125E+12,2,3/17/18 1:35,17-Mar-18
1.52126E+12,3,3/17/18 3:11,17-Mar-18
1.52126E+12,2,3/17/18 3:22,17-Mar-18
1.52126E+12,3,3/17/18 3:56,17-Mar-18
1.52126E+12,2,3/17/18 3:57,17-Mar-18
1.52126E+12,3,3/17/18 4:11,17-Mar-18
1.52126E+12,2,3/17/18 4:14,17-Mar-18
1.52126E+12,3,3/17/18 4:17,17-Mar-18
1.52126E+12,3,3/17/18 4:17,17-Mar-18
1.52126E+12,3,3/17/18 4:17,17-Mar-18
1.52126E+12,3,3/17/18 4:17,17-Mar-18
1.52126E+12,3,3/17/18 4:17,17-Mar-18
1.52126E+12,3,3/17/18 4:17,17-Mar-18
1.52127E+12,2,3/17/18 6:01,17-Mar-18
1.52127E+12,2,3/17/18 6:01,17-Mar-18
1.52127E+12,2,3/17/18 6:01,17-Mar-18
1.52127E+12,2,3/17/18 6:01,17-Mar-18
1.52127E+12,2,3/17/18 6:01,17-Mar-18
1.52127E+12,2,3/17/18 6:01,17-Mar-18
1.52127E+12,2,3/17/18 6:01,17-Mar-18
1.52127E+12,2,3/17/18 6:01,17-Mar-18
1.52127E+12,2,3/17/18 6:01,17-Mar-18
1.52127E+12,2,3/17/18 6:01,17-Mar-18
1.52127E+12,2,3/17/18 6:01,17-Mar-18
1.52127E+12,2,3/17/18 6:01,17-Mar-18
1.52127E+12,2,3/17/18 6:01,17-Mar-18
1.52127E+12,2,3/17/18 6:01,17-Mar-18
1.52127E+12,2,3/17/18 6:01,17-Mar-18
1.52127E+12,2,3/17/18 6:01,17-Mar-18
1.52127E+12,2,3/17/18 6:01,17-Mar-18
1.52127E+12,2,3/17/18 6:01,17-Mar-18
1.52127E+12,2,3/17/18 6:01,17-Mar-18
1.52127E+12,2,3/17/18 6:01,17-Mar-18
1.52127E+12,2,3/17/18 6:01,17-Mar-18
1.52127E+12,2,3/17/18 6:01,17-Mar-18
1.52127E+12,2,3/17/18 6:01,17-Mar-18
1.52127E+12,2,3/17/18 6:01,17-Mar-18
1.52127E+12,2,3/17/18 6:01,17-Mar-18
1.52127E+12,2,3/17/18 6:01,17-Mar-18
1.52127E+12,2,3/17/18 6:01,17-Mar-18
1.52127E+12,2,3/17/18 6:01,17-Mar-18
1.52127E+12,2,3/17/18 6:01,17-Mar-18
1.52129E+12,3,3/17/18 12:45,17-Mar-18
1.52129E+12,2,3/17/18 12:45,17-Mar-18
1.52129E+12,2,3/17/18 12:45,17-Mar-18
1.52129E+12,3,3/17/18 13:32,17-Mar-18
1.52129E+12,2,3/17/18 13:33,17-Mar-18
1.5213E+12,3,3/17/18 14:00,17-Mar-18
1.5213E+12,2,3/17/18 14:07,17-Mar-18
1.5213E+12,3,3/17/18 15:02,17-Mar-18
1.5213E+12,2,3/17/18 16:24,17-Mar-18
1.5213E+12,3,3/17/18 16:24,17-Mar-18
1.5213E+12,2,3/17/18 16:25,17-Mar-18
1.5213E+12,3,3/17/18 16:27,17-Mar-18
1.5213E+12,2,3/17/18 16:32,17-Mar-18
1.5213E+12,3,3/17/18 16:35,17-Mar-18
1.5213E+12,2,3/17/18 16:38,17-Mar-18
1.52131E+12,3,3/17/18 17:07,17-Mar-18
1.52131E+12,2,3/17/18 17:07,17-Mar-18
1.52131E+12,3,3/17/18 17:45,17-Mar-18
1.52131E+12,2,3/17/18 17:48,17-Mar-18
1.52131E+12,3,3/17/18 17:59,17-Mar-18
1.52131E+12,2,3/17/18 17:59,17-Mar-18
1.52131E+12,3,3/17/18 18:11,17-Mar-18
1.52131E+12,2,3/17/18 18:11,17-Mar-18
1.52131E+12,3,3/17/18 18:12,17-Mar-18
1.52131E+12,2,3/17/18 18:12,17-Mar-18
1.52132E+12,3,3/17/18 20:05,17-Mar-18
1.52132E+12,2,3/17/18 20:06,17-Mar-18
1.52132E+12,3,3/17/18 20:07,17-Mar-18
1.52132E+12,2,3/17/18 20:07,17-Mar-18
1.52132E+12,3,3/17/18 20:51,17-Mar-18
1.52132E+12,2,3/17/18 20:53,17-Mar-18
1.52132E+12,3,3/17/18 20:57,17-Mar-18
1.52132E+12,2,3/17/18 20:58,17-Mar-18
1.52132E+12,3,3/17/18 20:59,17-Mar-18
1.52132E+12,2,3/17/18 21:10,17-Mar-18
1.52132E+12,3,3/17/18 21:19,17-Mar-18
1.52132E+12,2,3/17/18 21:21,17-Mar-18
1.52132E+12,3,3/17/18 21:21,17-Mar-18
1.52132E+12,2,3/17/18 21:22,17-Mar-18
1.52132E+12,3,3/17/18 21:22,17-Mar-18
1.52132E+12,2,3/17/18 21:22,17-Mar-18
1.52132E+12,3,3/17/18 22:04,17-Mar-18
1.52132E+12,2,3/17/18 22:12,17-Mar-18
1.52133E+12,3,3/17/18 22:33,17-Mar-18
1.52133E+12,2,3/17/18 22:33,17-Mar-18
1.52133E+12,3,3/17/18 22:36,17-Mar-18
1.52133E+12,2,3/17/18 22:37,17-Mar-18
1.52133E+12,3,3/17/18 23:32,17-Mar-18
1.52133E+12,2,3/17/18 23:35,17-Mar-18
1.52133E+12,3,3/17/18 23:35,17-Mar-18
1.52133E+12,2,3/17/18 23:37,17-Mar-18
1.52133E+12,3,3/18/18 0:22,18-Mar-18
1.52133E+12,2,3/18/18 0:22,18-Mar-18
1.52133E+12,3,3/18/18 0:31,18-Mar-18
1.52133E+12,2,3/18/18 0:34,18-Mar-18
1.52133E+12,3,3/18/18 0:36,18-Mar-18
1.52133E+12,2,3/18/18 0:37,18-Mar-18
1.52133E+12,3,3/18/18 0:40,18-Mar-18
1.52133E+12,2,3/18/18 0:40,18-Mar-18
1.52133E+12,2,3/18/18 0:40,18-Mar-18
1.52133E+12,3,3/18/18 0:45,18-Mar-18
1.52133E+12,3,3/18/18 0:45,18-Mar-18
1.52135E+12,2,3/18/18 5:42,18-Mar-18
1.52135E+12,2,3/18/18 5:42,18-Mar-18
1.52135E+12,2,3/18/18 5:42,18-Mar-18
1.52135E+12,2,3/18/18 5:42,18-Mar-18
1.52135E+12,2,3/18/18 5:42,18-Mar-18
1.52135E+12,2,3/18/18 5:42,18-Mar-18
1.52135E+12,2,3/18/18 5:42,18-Mar-18
1.52135E+12,2,3/18/18 5:42,18-Mar-18
1.52135E+12,2,3/18/18 5:42,18-Mar-18
1.52135E+12,2,3/18/18 5:42,18-Mar-18
1.52135E+12,2,3/18/18 5:42,18-Mar-18
1.52135E+12,2,3/18/18 5:42,18-Mar-18
1.52135E+12,2,3/18/18 5:42,18-Mar-18
1.52135E+12,2,3/18/18 5:42,18-Mar-18
1.52135E+12,2,3/18/18 5:42,18-Mar-18
1.52135E+12,2,3/18/18 5:42,18-Mar-18
1.52135E+12,2,3/18/18 5:42,18-Mar-18
1.52135E+12,2,3/18/18 5:42,18-Mar-18
1.52135E+12,2,3/18/18 5:42,18-Mar-18
1.52135E+12,2,3/18/18 5:42,18-Mar-18
1.52135E+12,2,3/18/18 5:42,18-Mar-18
1.52135E+12,2,3/18/18 5:42,18-Mar-18
1.52135E+12,2,3/18/18 5:42,18-Mar-18
1.52135E+12,2,3/18/18 5:42,18-Mar-18
1.52135E+12,2,3/18/18 5:42,18-Mar-18
1.52135E+12,2,3/18/18 5:42,18-Mar-18
1.52135E+12,2,3/18/18 5:42,18-Mar-18
1.52135E+12,2,3/18/18 5:42,18-Mar-18
1.52135E+12,2,3/18/18 5:42,18-Mar-18
1.52135E+12,2,3/18/18 5:42,18-Mar-18
1.52135E+12,2,3/18/18 5:42,18-Mar-18